source,target,full_text,normal_text,stemm_text,sentiment
@innpurities,@prabowo,"@prabowo Udah baca tiga kali, kok masih ga nemu permintaan maaf ya? Apa emang merasa ini bukan salah Bapak? Um anyway, Aksi Kamisan tuh damai banget dan mereka udah berjalan selama 18 tahun, kok belum pernah ditemuin? Padahal Bapak salah satu yang terduga loh!",sudah baca tiga kali kok masih enggak nemu permintaan maaf ya apa memang merasa ini bukan salah bapak um anyway aksi kamisan tuh damai banget dan mereka sudah berjalan selama tahun kok belum pernah ditemuin padahal bapak salah satu yang terduga loh,baca kali nemu minta maaf salah um anyway aksi kamis damai banget jalan ditemuin salah duga loh,negative
@EsparantoH,@CakKhum,@CakKhum Kira² 50 hari lagi kita memasuki tahun ke-2 (atau tahun terakhir ) pemerintahan presiden prabowo  Fufufafa sudah tidak sabar naik tahta  Sy meyakini kerusuhan bbrp hari terakhir salah satu skenario melengserkan prabowo utk diganti gibran  https://t.co/FUldWz5IkC,kira hari lagi kita memasuki tahun ke atau tahun terakhir pemerintahan presiden prabowo fufufafa sudah tidak sabar naik tahta saya meyakini kerusuhan beberapa hari terakhir salah satu skenario melengserkan prabowo untuk diganti gibran,pasuk pemerintah presiden prabowo fufufafa sabar tahta rusuh salah skenario lengser prabowo ganti gibran,negative
@nalar_logis,@prabowo,"Belajar dari 20 tahun lebih era reformasi, menerapkan demokrasi liberal di negara paling majemuk di dunia (statistik menunjukan kita ada 1.340 sub etnis) membuat kita SULIT MEMBANGUN karena energi habis tersedot polarisasi dan saling menjatuhkan satu sama lain  tanpa TERTIB SIPIL dan STABILITAS POLITIK selamanya negara ini hanya jadi MEDIOKER di dunia (tak dipandang sebelah mata)  Tanpa stabilitas selamanya kita hanya JADI PENONTON kemajuan-kemajuan negara dan bangsa-bangsa lain  Banyak yg mermilih bapak (termasuk saya) karena berharap bapak bisa bertindak tegas (dan keras) untuk menciptakan TERTIB SIPIL dan STABILITAS POLITIK di negeri ini  Mohon jadi atensi bapak 🙏  cc yth maqs menteri @setkabgoid",belajar dari tahun lebih era reformasi menerapkan demokrasi liberal di negara paling majemuk di dunia statistik menunjukan kita ada sub etnis membuat kita sulit membangun karena energi habis tersedot polarisasi dan saling menjatuhkan satu sama lain tanpa tertib sipil dan stabilitas politik selamanya negara ini hanya jadi medioker di dunia tak dipandang sebelah mata tanpa stabilitas selamanya kita hanya jadi penonton kemajuan kemajuan negara dan bangsa bangsa lain banyak yang mermilih bapak termasuk saya karena berharap bapak bisa bertindak tegas dan keras untuk menciptakan tertib sipil dan stabilitas politik di negeri ini mohon jadi atensi bapak cc yth maqs menteri,ajar era reformasi terap demokrasi liberal negara majemuk dunia statistik tunjuk sub etnis sulit bangun energi habis sedot polarisasi jatuh tertib sipil stabilitas politik negara medioker dunia pandang belah mata stabilitas tonton maju maju negara bangsa bangsa mermilih harap tindak keras cipta tertib sipil stabilitas politik negeri mohon atensi cc yth maqs menteri,negative
@jagungkejucup,@onifess,"@onifess @prabowo dulu bunuh orang, sekarang juga bunuh orang, berapa banyak yang mau dia bunuh ya, terhitung satu tahun dia menjabat tapi udah begini. 4 tahun lagi nih, lama bgt",dulu bunuh orang sekarang juga bunuh orang berapa banyak yang mau dia bunuh ya terhitung satu tahun dia menjabat tapi sudah begini tahun lagi nih lama banget,bunuh orang bunuh orang bunuh hitung jabat nih banget,negative
@Musramidal67,@HukumDan,"@HukumDan @prabowo Ya iyalah ... Sudah 20th diidam-idamkan, belum juga satu tahun menjabat sudah ada demo skala besar. Apa gak grogi dia 😄😄😄",ya iyalah sudah tahu diidam idamkan belum juga satu tahun menjabat sudah ada demo skala besar apa enggak grogi dia,iya idam idam jabat demo skala grogi,negative
@iceumachiato,@Hangyulpadamu,"@Hangyulpadamu itu isinya pecinta prabowo semua kak ada satu lagi sama, mereka dua duanya pernah ditahan karena kasus bawaslu tahun 2019 itu",itu isinya pecinta prabowo semua kak ada satu lagi sama mereka dua duanya pernah ditahan karena kasus bawaslu tahun itu,isi cinta prabowo kak dua tahan bawaslu,neutral
@JanuarAnni63084,@SundaGenXY,"@SundaGenXY @tanyarlfes Yang nomor satu murni rakyat Indonesia yang bersuara. Yang nomor dua kaum buzzer yang dibayar sama @prabowo dan antek-anteknya. Sama kayak tahun kemarin, di mana kelompok massa tandingan adalah buzzer bayaran voter 02.",yang nomor satu murni rakyat indonesia yang bersuara yang nomor dua kaum buzzer yang dibayar sama dan antek anteknya sama kayak tahun kemarin di mana kelompok massa tandingan adalah buzzer bayaran voter,nomor murni rakyat indonesia suara nomor kaum buzzer bayar antek antek kayak kemarin kelompok massa tanding buzzer bayar voter,negative
@benaradil,@arwidodo,@arwidodo @prabowo bunuh saja satu per satu halal darah mereka karena 10 tahun zalim,bunuh saja satu per satu halal darah mereka karena tahun zalim,bunuh halal darah zalim,negative
@rani_manurung_,@budimandjatmiko,"@budimandjatmiko @prabowo Keputusan Presiden @Prabowo menunjukkan ketegasan prioritas: diplomasi luar negeri tetap jalan, tapi problem dalam negeri harus jadi nomor satu. Kehadiran beliau di panggung utama parade 80 tahun kekalahan fasis Jepang juga simbol pengakuan dunia terhadap posisi Indonesia.",keputusan presiden menunjukkan ketegasan prioritas diplomasi luar negeri tetap jalan tapi problem dalam negeri harus jadi nomor satu kehadiran beliau di panggung utama parade tahun kekalahan fasis jepang juga simbol pengakuan dunia terhadap posisi indonesia,putus presiden tegas prioritas diplomasi negeri jalan problem negeri nomor hadir beliau panggung utama parade kalah fasis jepang simbol aku dunia posisi indonesia,neutral
@DAUNKERING1998,@aVoiceinCrowd,@aVoiceinCrowd @Gojekmilitan @Budi83236750515 @prabowo Aku kasih waktu 1 juta tahun untuk bilang..aku sudah tahu satu tambah satu sama dengan dua😅..kuota habis! 🤣🤣🤣..nanya jago ditanya balik garuk2 otak! Otak digaruk🤣,aku kasih waktu juta tahun untuk bilang aku sudah tahu satu tambah satu sama dengan dua kuota habis bertanya jago ditanya balik garuk otak otak digaruk,kasih juta bilang kuota habis jago garuk otak otak garuk,negative
@gagitujugakeles,@Sidqi_Kisaragi,"@Sidqi_Kisaragi @avenooresa Tapi gua ragu jika semuanya diawali dengan seseorang yg makan bareng prabowo di tahun 2023. Dan satu lagi jokowisme, trus sekarang nyari duit jualan ide tan malaka lewat subscriber",tapi gua ragu jika semuanya diawali dengan seseorang yang makan bareng prabowo di tahun dan satu lagi jokowisme terus sekarang mencari duit jualan ide tan malaka lewat subscriber,gua ragu awal makan bareng prabowo jokowisme cari duit jual ide tan malaka subscriber,negative
@jonmamau,@AnKiiim_,"@AnKiiim_ @prabowo Lap keuangan indo itu kusut gara2 orang bank satu itu, apalagi 10 tahun terakhir, trus kalau dia mundur kebuka kotak Pandora, bowo takut MBG nya ngak jalan.. mungkin bowo memeperhitungkan itu, tapi tanpa laporan keuangan negara yg Prudence, ekonomi indo sulit tumbuh.",lap keuangan indonesia itu kusut gara orang bank satu itu apalagi tahun terakhir terus kalau dia mundur kebuka kotak pandora bowo takut mbg nya enggak jalan mungkin bowo memeperhitungkan itu tapi tanpa laporan keuangan negara yang prudence ekonomi indonesia sulit tumbuh,lap uang indonesia kusut gara orang bank mundur buka kotak pandora bowo takut mbg jalan bowo hitung lapor uang negara prudence ekonomi indonesia sulit tumbuh,negative
@Daendels_DC,@amo_bolang,"@amo_bolang @Krn40197 @ARSIPAJA ""Salah satu penyebab korupsi sulit diberantas karena tidak adanya sikap tegas dalam pemberantasan korupsi sejak Presiden ke-7 RI Joko Widodo hingga Presiden Prabowo Subianto""  https://t.co/OfyWrX2y9P  Karna ini sdh masuk di tuntutan 8, tunggu tahun depan aja komitmen Prabowo gmn",salah satu penyebab korupsi sulit diberantas karena tidak adanya sikap tegas dalam pemberantasan korupsi sejak presiden ke ri joko widodo hingga presiden prabowo subianto karena ini sudah masuk di tuntutan tunggu tahun depan saja komitmen prabowo bagaimana,salah sebab korupsi sulit berantas sikap berantas korupsi presiden ri joko widodo presiden prabowo subianto masuk tuntut tunggu komitmen prabowo,negative
@azstilllearning,@myshawti,@myshawti Prabowo presiden terbaik indonesia (((yang dilantik di tahun 2024)))   Jelaslah soalnya th 2024 kita emg cuma ngelantik satu presiden😭😭gaada kompetisi,prabowo presiden terbaik indonesia yang dilantik di tahun jelaslah soalnya tahu kita memang cuma ngelantik satu presiden enggak ada kompetisi,prabowo presiden baik indonesia lantik ngelantik presiden kompetisi,neutral
@NewsFlash09,@unilubis,@unilubis @NajwaShihab @prabowo @IDNTimes Sahin perampasan aset aja dulu. Kebanyakan 17+8 satu aja puluhan tahun gak kelar 😁,sahin perampasan aset saja dulu kebanyakan satu saja puluhan tahun enggak kelar,sahin ampas aset banyak puluh kelar,negative
@SyahlanLan10451,@alisyarief,"@alisyarief Jangan berharap banyak pada Prabowo, meski sudah mampir satu tahun menjabat belum tampak hasil untuk perubahan dan perbaikan ekonomi rakyat, kecuali pidato berapi-api dan gebrak-gebrak meja doang,🤣🤣🤣",jangan berharap banyak pada prabowo meski sudah mampir satu tahun menjabat belum tampak hasil untuk perubahan dan perbaikan ekonomi rakyat kecuali pidato berapi api dan gebrak gebrak meja doang,harap prabowo mampir jabat hasil ubah baik ekonomi rakyat kecuali pidato rap api gebrak gebrak meja doang,negative
@JanuarAnni63084,@thewayloved_u,"@thewayloved_u Bisa jadi @prabowo jadi agama baru mereka. Buat voter 02 yang Muslim, bisa aja mereka menyamakan Allah dengan Wowo. Kayak tahun kemarin salah satu pendukung Wowo yang hampir sekarat di rumah sakit bukannya baca ""Lailahaillallah"" malah ""Hidup Pak Prabowo"". Gile tuh orang!",bisa jadi jadi agama baru mereka buat voter yang muslim bisa saja mereka menyamakan allah dengan wowo kayak tahun kemarin salah satu pendukung wowo yang hampir sekarat di rumah sakit bukannya baca lailahaillallah malah hidup pak prabowo gila tuh orang,agama voter muslim sama allah wowo kayak kemarin salah dukung wowo sekarat rumah sakit baca lailahaillallah hidup prabowo gila orang,negative
@bonjourbeb,@yesmar_banu,"@yesmar_banu @heruyaheru Prabowo dan syariah di satu sentences aja udah ngakak, itu duitnya gede makanya ladang basah, kalo misal pilgirm ke jerusalem sebanyak haji jg pasti dibikinin begini buat ladang duit , liat aja tiap tahun ada kasus korupsi uang haji .",prabowo dan syariah di satu sentences saja sudah mengakak itu duitnya gede makanya ladang basah kalo misal pilgirm ke jerusalem sebanyak haji juga pasti dibikinin begini buat ladang duit lihat saja tiap tahun ada kasus korupsi uang haji,prabowo syariah sentences akak duit gede ladang basah kalo pilgirm jerusalem haji dibikinin ladang duit lihat korupsi uang haji,negative
@Kinkin18051341,@ike_hw71,@ike_hw71 @prabowo @DPR_RI Siaga satu level tertinggi mengurus celotehan warung kopi sementara membiarkan tikus Tiongkok yang bebas mencuri wilayah RI serta tambang emas dll puluhan ribu trilyun rupiah per tahun selama sepuluh tahun terakhir berlanjut hingga akhir jaman tanpa pajak,siaga satu level tertinggi mengurus celotehan warung kopi sementara membiarkan tikus tiongkok yang bebas mencuri wilayah ri serta tambang emas dll puluhan ribu trilyun rupiah per tahun selama sepuluh tahun terakhir berlanjut hingga akhir jaman tanpa pajak,siaga level tinggi urus celoteh warung kopi biar tikus tiongkok bebas curi wilayah ri tambang emas dll puluh ribu trilyun rupiah puluh lanjut jaman pajak,negative
@ChriestyanK,@PartaiGuremm,"@PartaiGuremm @kompascom @prabowo Apa yang Anda bicarakan itu terjadi bertahun-tahun sebelum Pak Prabowo menjadi Presiden Indonesia. Sekarang, Pak Prabowo sedang bersih-bersih. Mafia dan koruptor lagi dibersihkan satu per satu.",apa yang anda bicarakan itu terjadi bertahun tahun sebelum pak prabowo menjadi presiden indonesia sekarang pak prabowo sedang bersih bersih mafia dan koruptor lagi dibersihkan satu per satu,bicara tahun prabowo presiden indonesia prabowo bersih bersih mafia koruptor bersih,negative
@BudiSan75825121,@txtdrimedia,"@txtdrimedia Pak presiden @prabowo , bapak aing @DediMulyadi71 satu kelas 50 orang pak, mending duit buatnya  nambahin kelas, yh biar tahun depan ngk 50 orang lagi   .",pak presiden bapak aing satu kelas orang pak mending duit buatnya nambahin kelas ya biar tahun depan enggak orang lagi,presiden aing kelas orang mending duit buat nambahin kelas biar orang,negative
@putrapetir_007,@KaredokLeunca__,"@KaredokLeunca__ @prabowo Salah satu yang wajib direformasi, siatem pendidikan di rekrutmen bintara, kalo perlu 1 tahun, ijazah D1, modul ajarnya juga direformasi.",salah satu yang wajib direformasi siatem pendidikan di rekrutmen bintara kalo perlu tahun ijazah di modul ajarnya juga direformasi,salah wajib reformasi siatem didik rekrutmen bintara kalo ijazah modul ajar reformasi,neutral
@Matt_Dandin,@BANGSAygSUJUD,"@BANGSAygSUJUD @prabowo @99propaganda @are_inismyname @KhoirilAnwar_ @IrawanRommi @Intel_Imut @gustavssondhela @G0LIATH87 @florieliciouss @FDonghun @Ndons_Back Dia pasti punya catatan nama pejabat yang pernah ""dibeli"", mirip al Capone di tahun 1920 an, makanya polisi, jaksa, hakim tidak berani nangkep mafioso satu ini...",dia pasti punya catatan nama pejabat yang pernah dibeli mirip al capone di tahun an makanya polisi jaksa hakim tidak berani nangkep mafioso satu ini,catat nama jabat beli al capone an polisi jaksa hakim berani nangkep mafioso,negative
@AlmaghribiS,@are_inismyname,@are_inismyname @AndreasSolusi @azissubekti @arum_melasari @BANGSAygSUJUD @DedynurPalakka @djalanjoeang08 @FDonghun @Ndons_Back @Kimberley_PS08 Insyaallah Indonesia jaya.. Namun memang harus diakui bahwa membenahi sesuatu hal yg berantakan memang butuh kesabaran bahkan pengorbanan.  Bukankah sdh kita lihat rezim Prabowo dlm satu tahun ini telah menangkap 80 koruptor.. Artinya ada yg salah dlm sistem bernegara sebelum nya,insyaallah indonesia jaya namun memang harus diakui bahwa membenahi sesuatu hal yang berantakan memang butuh kesabaran bahkan pengorbanan bukankah sudah kita lihat rezim prabowo dalam satu tahun ini telah menangkap koruptor artinya ada yang salah dalam sistem bernegara sebelum nya,insyaallah indonesia jaya aku benah beranta butuh sabar korban lihat rezim prabowo tangkap koruptor salah sistem negara,neutral
@aryindra10,@AntoniusCDN,@AntoniusCDN @CakKhum @islah_bahrawi @GunRomli @prabowo @Gerindra @e100ss @Anak__Ogi @Ary_PrasKe2 @ch_chotimah2 @DS_yantie itu beras gak mungkin umurnya satu tahun pasti lebih dari satu tahun.. kami di kampung gak perna beli beras impor masyarakat di kampung masih berladang  alhamdulilla berasnya lebih enak dari pada yg di impor,itu beras enggak mungkin umurnya satu tahun pasti lebih dari satu tahun kami di kampung enggak pernah beli beras impor masyarakat di kampung masih berladang alhamdulilla berasnya lebih enak dari pada yang di impor,beras umur kampung beli beras impor masyarakat kampung ladang alhamdulilla beras enak impor,positive
@howdare_u_f,@Anak__Ogi,@Anak__Ogi @Gerindra @prabowo rezim banyak klaim hasil nol tnggu beritanya koperasi tutup satu persatu karna pada g bayar utang ke koperasi kebijakan kok ktinggalan 20 tahun dri peradaban,rezim banyak klaim hasil nol tunggu beritanya koperasi tutup satu persatu karena pada enggak bayar utang ke koperasi kebijakan kok ktinggalan tahun dari peradaban,rezim klaim hasil nol tunggu berita koperasi tutup satu bayar utang koperasi bijak ktinggalan adab,negative
@nakhoda045,@AntoniusCDN,"@AntoniusCDN @Anak__Ogi @Ary_PrasKe2 @ch_chotimah2 @DS_yantie @islah_bahrawi @kenhans03 @KPK_RI @prabowo @golkarpedia @CakKhum Seorang PNS bisa dipecat jika bolos kerja secara terus-menerus selama 10 hari kerja atau jika akumulasi ketidakhadiran tanpa alasan yang sah mencapai 28 hari kerja atau lebih dalam satu tahun. Itu klo aturan kedisiplinan PNS, adakah yg bisa spill aturan kedisiplinan untuk Aleg ?",seorang pns bisa dipecat jika bolos kerja secara terus menerus selama hari kerja atau jika akumulasi ketidakhadiran tanpa alasan yang sah mencapai hari kerja atau lebih dalam satu tahun itu kalo aturan kedisiplinan pns adakah yang bisa spill aturan kedisiplinan untuk aleg,pns pecat bolos kerja terus kerja akumulasi ketidakhadiran alas sah capai kerja kalo atur disiplin pns ada spill atur disiplin aleg,negative
@Anevathee,@KompasTV,"@KompasTV Pak @prabowo harus berani &amp; serius utk bersih2 kabinetnya agar pemerintahannya berjalan baik. Satu tahun pemerintahannya masih gaduh, banyak sekali masalah yg tdk selesai2.  Pembantu2nya haruslah org yg punya komitmen penuh membantu presiden @prabowo  utk bangsa &amp; negara.",pak harus berani amp serius untuk bersih kabinetnya agar pemerintahannya berjalan baik satu tahun pemerintahannya masih gaduh banyak sekali masalah yang tidak selesai pembantunya haruslah orang yang punya komitmen penuh membantu presiden untuk bangsa amp negara,berani serius bersih kabinet perintah jalan perintah gaduh selesai bantu orang komitmen penuh bantu presiden bangsa negara,negative
@Crea_Teak,@OrdeBaroe,@OrdeBaroe @yusuf_dumdum @prabowo @Gerindra @YaqutCQoumas @Kemenag_RI @KPK_RI @KejaksaanRI Semua sama mainin kuota haji... yang satu jual yg satu beli.. setiap biro juga harusnya paham tiap tahun ada jml kuota tertentu yg dapat diambil..,semua sama mainin kuota haji yang satu jual yang satu beli setiap biro juga harusnya paham tiap tahun ada jml kuota tertentu yang dapat diambil,mainin kuota haji jual beli biro paham jml kuota ambil,neutral
@widyanidonk63,@DianSandiU,@DianSandiU @prabowo @gibran_tweet Sepertinya mbg cukup lah satu tahun saja.  Krn sdh berkali kali anak sekolah keracunann.. Dan hal lain spt masalah dana yg over budget yg juga masih belum valid.    Ekonomi akar rumput bukan dgn mbg.  Namun kasus koruptor yg dananya tidak pernah di bicarakan kemanana untuk apa..,sepertinya mbg cukup lah satu tahun saja karena sudah berkali kali anak sekolah keracunann dan hal lain seperti masalah dana yang over budget yang juga masih belum valid ekonomi akar rumput bukan dengan mbg namun kasus koruptor yang dananya tidak pernah di bicarakan kemanana untuk apa,mbg kali kali anak sekolah keracunann dana over budget valid ekonomi akar rumput mbg koruptor dana bicara kemanana,negative
@feisalpriyanto,@BebySoSweet,@BebySoSweet Satu persatu pembantu menteri presiden @prabowo menunjukan ketololan berfikir dan nir empati. Mau sisa 4 tahun diurus sama tikus2 parpol yg gak becus kerja. Nasib dasar nasib,satu persatu pembantu menteri presiden menunjukan ketololan berpikir dan nir empati mau sisa tahun diurus sama tikus parpol yang enggak becus kerja nasib dasar nasib,satu bantu menteri presiden tunjuk tolol pikir nir empati sisa urus tikus parpol becus kerja nasib dasar nasib,negative
@pbima8345,@narkosun,@narkosun Pak Prabowo jangan senang dulu dengan orang satu ini!apalagi perjalanan masih panjang 4 tahun lagi klo PDIP saja dipenghujung jalan ia khianati apalagi Prabowo!,pak prabowo jangan senang dulu dengan orang satu ini apalagi perjalanan masih panjang tahun lagi kalo pdip saja dipenghujung jalan ia khianati apalagi prabowo,prabowo senang orang jalan kalo pdip hujung jalan khianat prabowo,negative
@IndonesiaGulita,@ike_hw71,"@ike_hw71 @prabowo @DPR_RI Cara pelan habisin generasi muda Indonesia, next jln satu tahun tiba2 bnyk penerima MBG tiba2 metong",cara pelan habisin generasi muda indonesia next jalan satu tahun tiba banyak penerima mbg tiba metong,pelan habisin generasi muda indonesia next jalan terima mbg metong,negative
@RNaaliMaliki,@Tan_Mar3M,@Tan_Mar3M Belum  satu tahun saja sudah memberatkan pak presiden @prabowo  Manalagi beliauang yang bekerja sendirian dan di tambah lagi dengan wapres dan orang-orangnya  mengganggu program presiden Prabowo  We.... ngomong 2 periode lagi,belum satu tahun saja sudah memberatkan pak presiden manalagi beliauang yang bekerja sendirian dan di tambah lagi dengan wapres dan orang orangnya mengganggu program presiden prabowo we mengomong periode lagi,berat presiden beliauang wapres orang orang ganggu program presiden prabowo we omong periode,negative
@PutraAndal8235,@democrazymedia,@democrazymedia Nah gitu lawan tuh Jokowi blm satu tahun aja udh ribut dukung Prabowo gibran 2 periode,nah begitu lawan tuh jokowi belum satu tahun saja sudah ribut dukung prabowo gibran periode,lawan jokowi ribut dukung prabowo gibran periode,negative
@Didikjzie,@Urrangawak,"@Urrangawak @prabowo @Gerindra Itu yg sepuluh tahun bikin malu bangsa di kancah pergaulan internasional, bukannya tobat, malah masih ribet ngarepin dua periode anaknya yg bahkan satu periode aja gak layak. Belum puas jugakah merusak negeri ini wahai kamu yg disana itu?. Iya kamu, iya yg garuk-garuk itu…",itu yang sepuluh tahun bikin malu bangsa di kancah pergaulan internasional bukannya tobat malah masih ribet ngarepin dua periode anaknya yang bahkan satu periode saja enggak layak belum puas jugakah merusak negeri ini wahai kamu yang disana itu iya kamu iya yang garuk garuk itu,puluh bikin malu bangsa kancah gaul internasional tobat ribet ngarepin periode anak periode layak puas juga rusak negeri sana iya iya garuk garuk,negative
@AbiramaLunaa,@WorldWimWeb,"@WorldWimWeb @prabowo Biar aku breakdown semua satu persatu, cukup dengan menggunakan argumen kamu aja di komentar pertama.  1. Irasionalitas, bukan tanpa dasar aku bilang bahwa kamu pasti masih menggantungkan argumen kamu dengan sejarah '3000 tahun lalu..', apa yang kamu percaya terlihat jelas dari-",biar aku breakdown semua satu persatu cukup dengan menggunakan argumen kamu saja di komentar pertama irasionalitas bukan tanpa dasar aku bilang bahwa kamu pasti masih menggantungkan argumen kamu dengan sejarah tahun lalu apa yang kamu percaya terlihat jelas dari,biar breakdown satu argumen komentar irasionalitas dasar bilang gantung argumen sejarah percaya,negative
@Aboy1945,@makjono,"@makjono @PNS_Garis_Lucu Teruntuk admin yg baik hati @Gerindra @prabowo tolong diperhatikan ini masih ada CPNS mu di dimensi lain masih menanti spmt. Yg lain udah ngebahas mutasi, daerah satu ini masih Ngegantungin nasib CPNS dan bilang biaya CPNS membengkak jika dilantik tahun ini. Dah gilak ini",teruntuk admin yang baik hati tolong diperhatikan ini masih ada cpns mu di dimensi lain masih menanti spmt yang lain sudah ngebahas mutasi daerah satu ini masih ngegantungin nasib cpns dan bilang biaya cpns membengkak jika dilantik tahun ini deh gila ini,untuk admin hati tolong perhati cpns mu dimensi spmt ngebahas mutasi daerah ngegantungin nasib cpns bilang biaya cpns bengkak lantik gila,negative
@BagusWisnuputra,@NenkMonica,"@NenkMonica Sudah berapa korban kemanusiaan era pemerintahan Jokowi ? Dan Wanda Hamidah adalah salah satu pendukung Jokowi, kemana aja kekacauan Bangsa ini hasil 10 tahun pemerintah pembohong. Bahkan tuduhan kepada @prabowo di chat fenomenal nya terjadi semua di era JOKOWI. https://t.co/aJR9JC11nQ",sudah berapa korban kemanusiaan era pemerintahan jokowi dan wanda hamidah adalah salah satu pendukung jokowi kemana saja kekacauan bangsa ini hasil tahun pemerintah pembohong bahkan tuduhan kepada di chat fenomenal nya terjadi semua di era jokowi,korban manusia era pemerintah jokowi wanda hamidah salah dukung jokowi mana kacau bangsa hasil pemerintah bohong tuduh chat fenomenal era jokowi,negative
@dadan_sangalang,@goodnewsfromIDN,"@goodnewsfromIDN Bersama Prabowo Gibran, satu tahun penuh progres, jalan menuju masa depan terbuka lebar #1thnPrabowoGibran",bersama prabowo gibran satu tahun penuh progres jalan menuju masa depan terbuka lebar,prabowo gibran penuh progres jalan buka lebar,positive
@kristiani_hrwti,@goodnewsfromIDN,"@goodnewsfromIDN Satu tahun Prabowo-Gibran, banyak langkah maju demi Indonesia sejahtera #1thnPrabowoGibran",satu tahun prabowo gibran banyak langkah maju demi indonesia sejahtera,prabowo gibran langkah maju indonesia sejahtera,positive
@ArmaZulfikar,@Ronnie_Rusli,@Ronnie_Rusli @prabowo Sepertinya Pati TNI alumni 1999. Bakal banyak di orbitkan oleh Prabowo.!!  Teman saya alumni Akmil AL tahun 1999 sudah jadi bintang' satu kemarin prof.!!,sepertinya pati tni alumni bakal banyak di orbitkan oleh prabowo teman saya alumni akmil al tahun sudah jadi bintang satu kemarin prof,pati tni alumni orbit prabowo teman alumni akmil al bintang kemarin prof,neutral
@DMieaceh80579,@HukumDan,"@HukumDan @prabowo Sudah hampir satu Tahun Prabowo menjadi Presiden, namun sangat sulit lepas dari para Termul.",sudah hampir satu tahun prabowo menjadi presiden namun sangat sulit lepas dari para termul,prabowo presiden sulit lepas termul,neutral
@ayers_caid66545,@tempodotco,"@tempodotco Satu tahun kepemimpinan Presiden Prabowo – Gibran telah berjalan dengan berbagai capaian: penguatan ketahanan pangan, program makan bergizi untuk anak sekolah, hingga peningkatan kesejahteraan aparat negara. https://t.co/YL7aClStc9",satu tahun kepemimpinan presiden prabowo gibran telah berjalan dengan berbagai capaian penguatan ketahanan pangan program makan bergizi untuk anak sekolah hingga peningkatan kesejahteraan aparat negara,pimpin presiden prabowo gibran jalan capai kuat tahan pangan program makan gizi anak sekolah tingkat sejahtera aparat negara,positive
@Alto_xp,@antimuna45,"@antimuna45 Satu tahun kepemimpinan Presiden Prabowo – Gibran telah berjalan dengan berbagai capaian: penguatan ketahanan pangan, program makan bergizi untuk anak sekolah, hingga peningkatan kesejahteraan aparat negara. https://t.co/FUqIWvKZyF",satu tahun kepemimpinan presiden prabowo gibran telah berjalan dengan berbagai capaian penguatan ketahanan pangan program makan bergizi untuk anak sekolah hingga peningkatan kesejahteraan aparat negara,pimpin presiden prabowo gibran jalan capai kuat tahan pangan program makan gizi anak sekolah tingkat sejahtera aparat negara,positive
@Alto_xp,@ayers_caid66545,"@ayers_caid66545 Satu tahun kepemimpinan Presiden Prabowo – Gibran telah berjalan dengan berbagai capaian: penguatan ketahanan pangan, program makan bergizi untuk anak sekolah, hingga peningkatan kesejahteraan aparat negara. https://t.co/QMhoIC3Icf",satu tahun kepemimpinan presiden prabowo gibran telah berjalan dengan berbagai capaian penguatan ketahanan pangan program makan bergizi untuk anak sekolah hingga peningkatan kesejahteraan aparat negara,pimpin presiden prabowo gibran jalan capai kuat tahan pangan program makan gizi anak sekolah tingkat sejahtera aparat negara,positive
@Alto_xp,@NandaAby3,"@NandaAby3 Satu tahun kepemimpinan Presiden Prabowo – Gibran telah berjalan dengan berbagai capaian: penguatan ketahanan pangan, program makan bergizi untuk anak sekolah, hingga peningkatan kesejahteraan aparat negara. https://t.co/Tm6J1SqVjn",satu tahun kepemimpinan presiden prabowo gibran telah berjalan dengan berbagai capaian penguatan ketahanan pangan program makan bergizi untuk anak sekolah hingga peningkatan kesejahteraan aparat negara,pimpin presiden prabowo gibran jalan capai kuat tahan pangan program makan gizi anak sekolah tingkat sejahtera aparat negara,positive
@damarwidi99,@abu_waras,"@abu_waras Saru tahun pemerintahan Prabowo sudah berapa blunder mereka lakukan? Ga Wapres,ga Menteri,ga pejabat2 di KLB satu persatu bikin masalah",saru tahun pemerintahan prabowo sudah berapa blunder mereka lakukan enggak wapres enggak menteri enggak pejabat di klb satu persatu bikin masalah,saru pemerintah prabowo blunder laku wapres menteri jabat klb satu bikin,negative
@3rI4ng,@tempodotco,"@tempodotco Tahun 98 pun korban cuma 0,0000sekian persen dari penduduk Indonesia jadi masih aman Kajuaruan Km 50 Demo baru2 ini Gama cuma satu manusia yg ditembak dari 250 juta penduduk Indonesia  Jadi gak ngaruh2 amat  Kocak anda @prabowo",tahun pun korban cuma sekian persen dari penduduk indonesia jadi masih aman kajuaruan kamu demo baru ini gama cuma satu manusia yang ditembak dari juta penduduk indonesia jadi enggak ngaruh amat kocak anda,korban sekian persen duduk indonesia aman kajuaruan demo gama manusia tembak juta duduk indonesia ngaruh kocak,negative
@eddiewahjudiono,@ARSIPAJA,@ARSIPAJA Jurus menjilat @cakimiNOW ketua @DPP_PKB untuk menunjukkan ke bosnya bhw ia bekerja  Kenyataan belum ada hasil yg di banggakan menjelang satu tahun pemerintahan @prabowo,jurus menjilat ketua untuk menunjukkan ke bosnya bahwa ia bekerja kenyataan belum ada hasil yang di banggakan menjelang satu tahun pemerintahan,jurus jilat ketua bos nyata hasil bangga jelang pemerintah,negative
@Irnawati_Siti_I,@satriohendri,@satriohendri Lhaaa… kita yg mendengar lebih kageett lagiii… Bukankah pak Prabowo sdh 5 tahun berada di pemerintahan sebelumnya…? dan kementerian yg dipimpinnya pun termasuk salah satu bagian yg korupsinya gila2an…,lhaaa kita yang mendengar lebih kageett lagi bukankah pak prabowo sudah tahun berada di pemerintahan sebelumnya dan kementerian yang dipimpinnya pun termasuk salah satu bagian yang korupsinya gilaan,lhaaa dengar kageett prabowo pemerintah menteri pimpin salah korupsi gila,negative
@mulyani_fhrz4,@POSITIFITI,@POSITIFITI Kebijakan prorakyat jadi bukti Prabowo-Gibran serius tingkatkan kesejahteraan dalam satu tahun ini #1thnPrabowoGibran,kebijakan prorakyat jadi bukti prabowo gibran serius tingkatkan kesejahteraan dalam satu tahun ini,bijak prorakyat bukti prabowo gibran serius tingkat sejahtera,positive
@nafasha_hanum,@POSITIFITI,"@POSITIFITI Prabowo-Gibran satu tahun, kehadiran mereka bawa angin segar perubahan #1thnPrabowoGibran",prabowo gibran satu tahun kehadiran mereka bawa angin segar perubahan,prabowo gibran hadir bawa angin segar ubah,positive
@novi_ahan56,@POSITIFITI,"@POSITIFITI Dampak positif terus mengalir dari pengabdian Prabowo-Gibran dalam satu tahun #1thnPrabowoGibranSetahun Prabowo-Gibran penuh aksi nyata, rakyat merasakan langsung hasilnya lewat kebijakan prorakyat #1thnPrabowoGibran",dampak positif terus mengalir dari pengabdian prabowo gibran dalam satu tahun prabowo gibran penuh aksi nyata rakyat merasakan langsung hasilnya lewat kebijakan prorakyat,dampak positif alir abdi prabowo gibran prabowo gibran penuh aksi nyata rakyat rasa langsung hasil bijak prorakyat,positive
@fahri_rmdhn32,@POSITIFITI,"@POSITIFITI Kerja nyata dalam satu tahun, Prabowo-Gibran hadirkan solusi buat kebutuhan rakyat #1thnPrabowoGibran",kerja nyata dalam satu tahun prabowo gibran hadirkan solusi buat kebutuhan rakyat,kerja nyata prabowo gibran hadir solusi butuh rakyat,positive
@fadeel_aulian,@are_inismyname,"@are_inismyname @prabowo udah utk motogp gini saja udah cukup, support saja olahraga yg lain.. lain dalam satu tahun hanya 1x dipakai motogp... OK TERMUL ?",sudah untuk motogp begini saja sudah cukup support saja olahraga yang lain lain dalam satu tahun hanya x dipakai motogp ok termul,motogp support olahraga x pakai motogp ok termul,negative
@galang_ov499,@HumasReceh,"@HumasReceh Udah satu tahun Prabowo-Gibran, APBN stabil, beras surplus, koperasi dan pendidikan makin dapet prioritas #1thnPrabowoGibran",sudah satu tahun prabowo gibran apbn stabil beras surplus koperasi dan pendidikan makin dapat prioritas,prabowo gibran apbn stabil beras surplus koperasi didik prioritas,positive
@arjuna_daffa72,@HumasReceh,"@HumasReceh Satu tahun pemerintahan Prabowo-Gibran, stabilitas politik terbukti jadi kunci utama gerak pembangunan nasional #1thnPrabowoGibran",satu tahun pemerintahan prabowo gibran stabilitas politik terbukti jadi kunci utama gerak pembangunan nasional,pemerintah prabowo gibran stabilitas politik bukti kunci utama gerak bangun nasional,positive
@DMieaceh80579,@MariaAlkaff_,"@MariaAlkaff_ Dan itu lah kenyataan yg di alami oleh Rakyat  konoha. Satu Tahun rezim Prabowo berkuasa, tidak ada tanda-tanda perbaikan yg memihak pada Rakyat. https://t.co/8Q6VQY3JwQ",dan itu lah kenyataan yang di alami oleh rakyat konoha satu tahun rezim prabowo berkuasa tidak ada tanda tanda perbaikan yang memihak pada rakyat,nyata alami rakyat konoha rezim prabowo kuasa tanda tanda baik rakyat,negative
@almi_riyanti,@HumasReceh,@HumasReceh Fokus utama Prabowo-Gibran satu tahun ini tetap di stabilitas politik demi kemakmuran dan keadilan berkelanjutan #1thnPrabowoGibran,fokus utama prabowo gibran satu tahun ini tetap di stabilitas politik demi kemakmuran dan keadilan berkelanjutan,fokus utama prabowo gibran stabilitas politik makmur adil lanjut,positive
@law_erfan,@kang___L,"@kang___L Ini yang menjadi nila setitik dalam kepemimpinan Prabowo seharusnya sejak memasuki usia pemerintahan satu tahun janganlah lagi Prabowo mendekat atau berkomunikasi intens dg Mulyono dan Termulnya, jaga jarak! biar kepercayaan rakyat 100% buat Prabowo 🫤🫥",ini yang menjadi nila setitik dalam kepemimpinan prabowo seharusnya sejak memasuki usia pemerintahan satu tahun janganlah lagi prabowo mendekat atau berkomunikasi intens dengan mulyono dan termulnya jaga jarak biar kepercayaan rakyat buat prabowo,nila titik pimpin prabowo pasuk usia pemerintah prabowo dekat komunikasi intens mulyono termulnya jaga jarak biar percaya rakyat prabowo,negative
@SofyanP20205835,@msaid_didu,"@msaid_didu @prabowo Saya sepakat om ku  Saya salah satu korban, dari kriminalisasi tambang di kab morowali 😭😭😭😭 Di laporkan ke polda sulteng,,  Dengan ancaman penjara 9 tahun  Pasal pemerasan dan pengancaman,  Luar biasanya tuduhan yang di laporkan tidak ada bukti🥰 kami sdh di rugikan 60 hari😭",saya sepakat om ku saya salah satu korban dari kriminalisasi tambang di kab morowali di laporkan ke polda sulteng dengan ancaman penjara tahun pasal pemerasan dan pengancaman luar biasanya tuduhan yang di laporkan tidak ada bukti kami sudah di rugikan hari,sepakat om ku salah korban kriminalisasi tambang kab morowali lapor polda sulteng ancam penjara pasal peras ancam tuduh lapor bukti rugi,negative
@dimad_wicaksono,@pagisendja,"@pagisendja Kerja nyata tanpa henti dari Kabinet Merah Putih, satu tahun penuh dedikasi sama Prabowo-Gibran #1thnPrabowoGibran",kerja nyata tanpa henti dari kabinet merah putih satu tahun penuh dedikasi sama prabowo gibran,kerja nyata henti kabinet merah putih penuh dedikasi prabowo gibran,positive
@diana_tanjung0,@pagisendja,"@pagisendja Satu tahun Prabowo-Gibran, Kabinet Merah Putih tetep solid fokus wujudkan janji buat kemajuan negeri #1thnPrabowoGibran",satu tahun prabowo gibran kabinet merah putih tetap solid fokus wujudkan janji buat kemajuan negeri,prabowo gibran kabinet merah putih solid fokus wujud janji maju negeri,positive
@Theroadinpursue,@AdamVelcro,"@AdamVelcro @prabowo G juga gara2 prabowo rusak Menurut saua busuk2nya 10 tahun pimpinan yg sebelumnya terkuak satu persatu setelah prabowo menjabat, awalnya saat jokowi pecah kongsi dari PDIP",enggak juga gara prabowo rusak menurut saua busuknya tahun pimpinan yang sebelumnya terkuak satu persatu setelah prabowo menjabat awalnya saat jokowi pecah kongsi dari pdip,gara prabowo rusak saua busuk pimpin kuak satu prabowo jabat jokowi pecah kongsi pdip,negative
@lucian_toro98,@pagisendja,@pagisendja Semangat persatuan di Kabinet Merah Putih bikin satu tahun Prabowo-Gibran penuh langkah nyata untuk rakyat #1thnPrabowoGibran,semangat persatuan di kabinet merah putih bikin satu tahun prabowo gibran penuh langkah nyata untuk rakyat,semangat satu kabinet merah putih bikin prabowo gibran penuh langkah nyata rakyat,positive
@danial_hartant,@ElvinaNara,"@ElvinaNara Satu tahun kepemimpinan Prabowo-Gibran, diplomasi Indonesia makin dihormati dan berdaya saing #1thnPrabowoGibran",satu tahun kepemimpinan prabowo gibran diplomasi indonesia makin dihormati dan berdaya saing,pimpin prabowo gibran diplomasi indonesia hormat daya saing,positive
@RepublikIni,@prabowo,"@prabowo Teruskan Pak, satu lagi, langsung buang penghianat negara tersebut ke Nusakambangan. Hukum 20 tahun.  Ilegal mining / apapun minimal 20 tahun, dgn minimal kerugian negara 3 milyard.",teruskan pak satu lagi langsung buang penghianat negara tersebut ke nusakambangan hukum tahun ilegal mining apapun minimal tahun dengan minimal kerugian negara milyard,terus langsung buang penghianat negara nusakambangan hukum ilegal mining apa minimal minimal rugi negara milyard,negative
@WAHYU_UNIFORM,@cakimiNOW,"@cakimiNOW @prabowo Pesantren dpt dananya kumpulin dikit2  Th ini diwujudkan dg tambah 1 ruang, tahun dpn satu ruang Dst  Dapet ... tempelkan  Pastinya kualitas konstruksi tak sestabil bangun sekaligus.",pesantren dapat dananya kumpulin dikit tahu ini diwujudkan dengan tambah ruang tahun depan satu ruang dst dapat tempelkan pastinya kualitas konstruksi tak sestabil bangun sekaligus,pesantren dana kumpulin dikit wujud ruang ruang dst tempel pasti kualitas konstruksi stabil bangun,positive
@Manuk_Emprit76,@msaid_didu,"@msaid_didu @prabowo Andaikan pak @prabowo menjabat hanya satu periode saja, kami rakyat berharap anda berpihak kepada rakyat. Jadikan 5 tahun ini momentum pengabdian pak @prabowo untuk NKRI bukan menjadi kepanjangan tangan para koruptor serta para pengkhianat bangsa. Semoga bukan harapan kosong ...",andaikan pak menjabat hanya satu periode saja kami rakyat berharap anda berpihak kepada rakyat jadikan tahun ini momentum pengabdian pak untuk nkri bukan menjadi kepanjangan tangan para koruptor serta para pengkhianat bangsa semoga bukan harapan kosong,andai jabat periode rakyat harap pihak rakyat jadi momentum abdi nkri panjang tangan koruptor khianat bangsa moga harap kosong,positive
@rzqyxz,@Adhit_1909,"@Adhit_1909 @Gyunesian @prabowo @jokowi Oh wajar fans die Hard ya prabski wkwkwkwkw, pulih cepat secara ekonomi kalo mau serius bisa sebenernya itu B. J Habibie menjabat g ada satu tahun bisa neken inflasi yg terjadi di era itu 🤣🤣🤣",oh wajar fan die hard ya prabski wkwkwkwkw pulih cepat secara ekonomi kalo mau serius bisa sebenarnya itu b saja habibie menjabat enggak ada satu tahun bisa neken inflasi yang terjadi di era itu,oh wajar fan die hard prabski wkwkwkwkw pulih cepat ekonomi kalo serius habibie jabat neken inflasi era,negative
@safira_nad123,@amanbangetkok,"@amanbangetkok Dengan fondasi yang kuat, satu tahun ini jadikan Indonesia lebih berdikari #1thnPrabowoGibranSetahun bareng Prabowo Gibran, kelihatan banget kemajuan soal pangan dan energi untuk hidup rakyat makin oke #1thnPrabowoGibran",dengan fondasi yang kuat satu tahun ini jadikan indonesia lebih berdikari bareng prabowo gibran kelihatan banget kemajuan soal pangan dan energi untuk hidup rakyat makin oke,fondasi kuat jadi indonesia berdikari bareng prabowo gibran banget maju pangan energi hidup rakyat oke,positive
@dagel_habibi,@amanbangetkok,@amanbangetkok Optimisme makin menular selama satu tahun kepemimpinan Prabowo Gibran #1thnPrabowoGibran,optimisme makin menular selama satu tahun kepemimpinan prabowo gibran,optimisme tular pimpin prabowo gibran,positive
@irma_zaepus,@amanbangetkok,"@amanbangetkok Satu tahun kepemimpinan yang penuh komitmen, Prabowo-Gibran terus jaga kepercayaan rakyat #1thnPrabowoGibran",satu tahun kepemimpinan yang penuh komitmen prabowo gibran terus jaga kepercayaan rakyat,pimpin penuh komitmen prabowo gibran jaga percaya rakyat,positive
@rizal_mukti4,@amanbangetkok,@amanbangetkok Bukti satu tahun Prabowo Gibran: petani &amp; masyarakat kecil makin didengar dan diperhatikan #1thnPrabowoGibran,bukti satu tahun prabowo gibran petani amp masyarakat kecil makin didengar dan diperhatikan,bukti prabowo gibran tani masyarakat dengar perhati,positive
@amarylis_heduu,@amanbangetkok,@amanbangetkok Semangat gotong royong makin hidup setelah satu tahun kepemimpinan Prabowo Gibran #1thnPrabowoGibran,semangat gotong royong makin hidup setelah satu tahun kepemimpinan prabowo gibran,semangat gotong royong hidup pimpin prabowo gibran,positive
@galang_ov499,@amanbangetkok,"@amanbangetkok Satu tahun bukan waktu sebentar, terbukti Prabowo-Gibran berikan fondasi kuat untuk masa depan #1thnPrabowoGibran",satu tahun bukan waktu sebentar terbukti prabowo gibran berikan fondasi kuat untuk masa depan,sebentar bukti prabowo gibran fondasi kuat,positive
@BPJSTKinfo,@RoyBowo,"@RoyBowo @menakertrans @DPR_RI @prabowo @gibran_tweet @DPDRI @Batamnewscom @detikcom @kompascom Hai Sahabat, mohon maaf perihal pelayanan proses klaim dana Jaminan Hari Tua (JHT). Terdapat aturan masa tunggu untuk klaim JHT setelah mengundurkan diri atau terkena PHK, yaitu satu bulan, berdasarkan Peraturan Menteri Ketenagakerjaan Nomor 19 Tahun 2015. Tks -Ana",hai sahabat mohon maaf perihal pelayanan proses klaim dana jaminan hari tua jht terdapat aturan masa tunggu untuk klaim jht setelah mengundurkan diri atau terkena phk yaitu satu bulan berdasarkan peraturan menteri ketenagakerjaan nomor tahun tks ana,hai sahabat mohon maaf perihal layan proses klaim dana jamin tua jht atur tunggu klaim jht undur kena phk dasar atur menteri ketenagakerjaan nomor tks ana,neutral
@kurniawan214465,@susno2g,"@susno2g Korupsi sudah melembaga, 90% pejabat melakukan korupsi, sebaiknya bertahap agar tidak kosong pemerintahan, satu tahun kembalian uang diampuni(seperti pemutihan pajak), lalu perampasan aset&amp;pembuktian terbalik, tahun ke 3 hukuman mati.Baru bisa jalan pemberantasan korupsi.@prabowo",korupsi sudah melembaga pejabat melakukan korupsi sebaiknya bertahap agar tidak kosong pemerintahan satu tahun kembalian uang diampuni seperti pemutihan pajak lalu perampasan aset amp pembuktian terbalik tahun ke hukuman mati baru bisa jalan pemberantasan korupsi,korupsi lembaga jabat korupsi tahap kosong pemerintah kembali uang ampun mutih pajak ampas aset bukti balik hukum mati jalan berantas korupsi,negative
@cimbulpamungkas,@amandasah__,@amandasah__ Gerakan Prabowo dalam menjelang satu tahun pemberantasan korupsi masih minum dengan kata katanya yang fenomenal SAYA TIDAK TAKUT PADA MALING MALING.,gerakan prabowo dalam menjelang satu tahun pemberantasan korupsi masih minum dengan kata katanya yang fenomenal saya tidak takut pada maling maling,gera prabowo jelang berantas korupsi minum fenomenal takut maling maling,positive
@NetaTris,@geloraco,"@geloraco @KejaksaanRI ternyata Termul, sesama Termul..? @Prabowo bubarin aja ga guna nangkep satu mahluk aja sudah enam tahun lebih ga mampu, masalah pidana yg sudah ingkrach tidak ada Kadaluarsa dan Tidak Bisa di PK-an, Buronan ini menjadi Musuh Negara dan @KejaksaanRI Punya Tim Buron..?",ternyata termul sesama termul bubarin saja enggak guna nangkep satu mahluk saja sudah enam tahun lebih enggak mampu masalah pidana yang sudah ingkrach tidak ada kadaluarsa dan tidak bisa di pakai an buronan ini menjadi musuh negara dan punya tim buron,termul termul bubarin nangkep mahluk enam pidana ingkrach kadaluarsa pakai an buron musuh negara tim buron,negative
@lilybunga10,@bachrum_achmadi,"@bachrum_achmadi @prabowo dari awal sudah bermasalah... proyeknya bermasalah... anggarannya bermasalah... pejabat2nya bermasalah... selama 10 tahun Indonesia penuh masalah...  solusinya satu, SEMBAKO dan buzzeRp.",dari awal sudah bermasalah proyeknya bermasalah anggarannya bermasalah pejabatnya bermasalah selama tahun indonesia penuh masalah solusinya satu sembako dan buzzerp,masalah proyek masalah anggar masalah jabat masalah indonesia penuh solusi sembako buzzerp,negative
@suaraAinunNisa,@NenkMonica,"@NenkMonica @grok kalau 20 Oktober 2025 @prabowo belum bisa memenjarakan silfester, berarti satu tahun ""NOL BESAR"" apa gunanya memberi makan seluruh anak bangsa agar bergizi, kalau makanan moral dan keteladanan tdk diberikan, @KejaksaanRI kumis besar, perut buncit, badan tinggi moralnya busuk",kalau oktober belum bisa memenjarakan silfester berarti satu tahun nol besar apa gunanya memberi makan seluruh anak bangsa agar bergizi kalau makanan moral dan keteladanan tidak diberikan kumis besar perut buncit badan tinggi moralnya busuk,oktober penjara silfester nol guna makan anak bangsa gizi makan moral teladan kumis perut buncit badan moral busuk,negative
@suaraAinunNisa,@kompascom,"@kompascom 9 hari lagi, satu tahun pemerintahan @prabowo tapi hukum di Indonesia tidak berubah, masih seperti kemarin buruk rupa ancur bau busuk dan beracun, @KejaksaanRI kumis tebal, perut buncit, badan tinggi bawa tongkat komando tapi  kalian semua penakut, sama kodok aja kalian kencing",hari lagi satu tahun pemerintahan tapi hukum di indonesia tidak berubah masih seperti kemarin buruk rupa hancur bau busuk dan beracun kumis tebal perut buncit badan tinggi bawa tongkat komando tapi kalian semua penakut sama kodok saja kalian kencing,pemerintah hukum indonesia ubah kemarin buruk rupa hancur bau busuk racun kumis tebal perut buncit badan bawa tongkat komando takut kodok kencing,negative
@mhmmd_albil37,@nikitimirzini,@nikitimirzini @ConversationIDN Kesejahteraan dan keamanan makin terasa selama satu tahun bareng Prabowo-Gibran,kesejahteraan dan keamanan makin terasa selama satu tahun bareng prabowo gibran,sejahtera aman bareng prabowo gibran,positive
@gevira_asqolani,@nikitimirzini,"@nikitimirzini @ConversationIDN Satu tahun memimpin, Prabowo-Gibran bikin rasa optimis tumbuh lagi di hati masyarakat",satu tahun memimpin prabowo gibran bikin rasa optimis tumbuh lagi di hati masyarakat,pimpin prabowo gibran bikin optimis tumbuh hati masyarakat,positive
@tarihoran_d10,@bersatukompak,@bersatukompak @ObiWan_Catnobi Kesejahteraan dan keamanan makin terasa selama satu tahun bareng Prabowo-Gibran,kesejahteraan dan keamanan makin terasa selama satu tahun bareng prabowo gibran,sejahtera aman bareng prabowo gibran,positive
@cheezygalore,@blackjakpersija,"@blackjakpersija @MafiaWasit Gak. Garudayaksa itu joinan Prabowo ama Dewa United, dari dua musim lalu PSKC udah dibeli Dewa. Musim lalu, Garudayaksa mulai masuk. Tahun ini, klubnya dipindahkan ke Bekasi, ada akademinya juga. Orang-orang yang ngurus juga ya orangnya Dewa, kok bisa ngaco mikir biar satu doang",enggak garudayaksa itu joinan prabowo sama dewa united dari dua musim lalu pskc sudah dibeli dewa musim lalu garudayaksa mulai masuk tahun ini klubnya dipindahkan ke bekasi ada akademinya juga orang orang yang mengurus juga ya orangnya dewa kok bisa mengaco mikir biar satu doang,garudayaksa joinan prabowo dewa united musim pskc beli dewa musim garudayaksa masuk klub pindah bekas akademi orang orang urus orang dewa aco mikir biar doang,negative
@GFansu,@ARSIPAJA,"@ARSIPAJA pencapaian satu tahun yang luar biasa, terus kita dukung program prabowo-gibran untuk terus dpt melanjutkan program2nya demi Indonesia Maju",pencapaian satu tahun yang luar biasa terus kita dukung program prabowo gibran untuk terus dapat melanjutkan programnya demi indonesia maju,capai dukung program prabowo gibran lanjut program indonesia maju,positive
@EkoApan,@Roebanie,"@Roebanie @abu_waras Iy jg c bikin report pemerintahan @prabowo @bang_dasco ,padahal ritme satu tahun ini bagus loh,efisiensi dll...ibarat kuda kuda pondasi kuat,....itu x sebab srimul ngendepin duit di BI tau bakal bom waktu",iya juga sih bikin report pemerintahan padahal ritme satu tahun ini bagus loh efisiensi dll ibarat kuda kuda pondasi kuat itu x sebab srimul ngendepin duit di bi tau bakal bom waktu,iya bikin report pemerintah ritme bagus loh efisiensi dll kuda kuda pondasi kuat x srimul ngendepin duit bi tau bom,negative
@DDwinnellLeedee,@ARSIPAJA,"@ARSIPAJA Luar biasa, satu tahun kepemimpinan presiden prabowo banyak membuka lapangan pekerjaan terutama program MBG",luar biasa satu tahun kepemimpinan presiden prabowo banyak membuka lapangan pekerjaan terutama program mbg,pimpin presiden prabowo buka lapang kerja program mbg,positive
@lili_tuti99,@RantaiPersatuan,"@RantaiPersatuan Kebersamaan adalah kunci, satu tahun Prabowo-Gibran bikin perubahan bisa dirasakan semua #1thnPrabowoGibran",kebersamaan adalah kunci satu tahun prabowo gibran bikin perubahan bisa dirasakan semua,sama kunci prabowo gibran bikin ubah rasa,positive
@tegar_anugrah03,@RantaiPersatuan,"@RantaiPersatuan Refleksi perjalanan, satu tahun Prabowo-Gibran jadi penguat harapan bangsa #1thnPrabowoGibran",refleksi perjalanan satu tahun prabowo gibran jadi penguat harapan bangsa,refleksi jalan prabowo gibran kuat harap bangsa,neutral
@arie_n78,@RantaiPersatuan,"@RantaiPersatuan Kerja bareng satu tahun bisa ubah arah bangsa, Prabowo-Gibran sudah membuktikan #1thnPrabowoGibran",kerja bareng satu tahun bisa ubah arah bangsa prabowo gibran sudah membuktikan,kerja bareng ubah arah bangsa prabowo gibran bukti,positive
@satria_fathan7,@RantaiPersatuan,"@RantaiPersatuan Kita semua bisa lega, satu tahun Prabowo-Gibran beri bukti nyata bukan janji #1thnPrabowoGibran",kita semua bisa lega satu tahun prabowo gibran beri bukti nyata bukan janji,lega prabowo gibran bukti nyata janji,positive
@chinatsu_nana2,@RantaiPersatuan,"@RantaiPersatuan Bukan sekadar cerita, satu tahun Prabowo-Gibran penuh aksi positif dan progres nyata #1thnPrabowoGibran",bukan sekadar cerita satu tahun prabowo gibran penuh aksi positif dan progres nyata,cerita prabowo gibran penuh aksi positif progres nyata,positive
@alifa_sakur,@RantaiPersatuan,"@RantaiPersatuan Satu tahun penuh harapan, Prabowo-Gibran tetap jaga amanah rakyat #1thnPrabowoGibran",satu tahun penuh harapan prabowo gibran tetap jaga amanah rakyat,penuh harap prabowo gibran jaga amanah rakyat,positive
@RonyRo1239,@abu_waras,"@abu_waras Jelang Satu Tahun Pemerintahan Prabowo, bagaimana menurut kelan :",jelang satu tahun pemerintahan prabowo bagaimana menurut kelan,jelang pemerintah prabowo kelan,neutral
@imosint,@RANOSINT,"@RANOSINT Wuih keren. Ya betul itu. Cuma satu yang nyala AIS, yang lain mati AIS. Ya kan niatnya maling.  @prabowo nih kekuatan asing. Diapain enaknya kekuatan asing ini? Dikejar? Ditangkap? Bosen Wo, wong udah puluhan tahun kayak gini…",wuih keren ya betul itu cuma satu yang nyala ais yang lain mati ais ya kan niatnya maling nih kekuatan asing diapakan enaknya kekuatan asing ini dikejar ditangkap bosan wo wong sudah puluhan tahun kayak begini,wuih keren nyala ais mati ais niat maling nih kuat asing apa enak kuat asing kejar tangkap bosan wo puluh kayak,negative
@botackbagus,@msaid_didu,"@msaid_didu WAJAR kalo PRABOWO minta agar Keluarga Trump memperbaiki bisnisnya di Indonesia. Liat tuh NIRWANA BALI yang dulu menjadi salah satu GOLF RESORT terbaik di dunia, dihancurkan begitu saja dgn alasan akan dibuat lebih bagus, sudah 10 tahun MANGKRAK. kami para member golf gak dibayar",wajar kalo prabowo meminta agar keluarga trump memperbaiki bisnisnya di indonesia lihat tuh nirwana bali yang dulu menjadi salah satu golf resort terbaik di dunia dihancurkan begitu saja dengan alasan akan dibuat lebih bagus sudah tahun mangkrak kami para member golf enggak dibayar,wajar kalo prabowo keluarga trump baik bisnis indonesia lihat nirwana bal salah golf resort baik dunia hancur alas bagus mangkrak member golf bayar,negative
@NatanegaraPrabu,@prabowo,"@prabowo @prabowo ini terjadi karena banyak kebijakan aneh, dan ngaco selama 10 tahun terakhir. Membuat pejabat menjadi gila, termasuk rakyat juga banyak yg jd gila. Ini hanya salah satu contoh saja Pa Presiden. Mohon segera perbaiki semua sistem yg amburadul ini. Terimksih",ini terjadi karena banyak kebijakan aneh dan mengaco selama tahun terakhir membuat pejabat menjadi gila termasuk rakyat juga banyak yang jadi gila ini hanya salah satu contoh saja apa presiden mohon segera perbaiki semua sistem yang amburadul ini terimksih,bijak aneh aco jabat gila rakyat gila salah contoh presiden mohon baik sistem amburadul terimksih,negative
@bintang_emon2,@Ramay4na,"@Ramay4na @prabowo Kepuasan masyarakat makin terasa selama satu tahun Prabowo Gibran, segalanya terasa semakin efektif",kepuasan masyarakat makin terasa selama satu tahun prabowo gibran segalanya terasa semakin efektif,puas masyarakat prabowo gibran efektif,positive
@deka_firmawan45,@nikitimirzini,@nikitimirzini @tvindonesiawkwk Warga ngerasa lebih diperhatikan setelah satu tahun Prabowo Gibran memimpin,warga merasa lebih diperhatikan setelah satu tahun prabowo gibran memimpin,warga perhati prabowo gibran pimpin,positive
@Ramadhanridho77,@Prakarsa99Willy,"@Prakarsa99Willy @prabowo @gibran_tweet kritik konstruktif terkait penciptaan lapangan kerja dan pemulihan ekonomi skala nasional juga perlu menjadi perhatian serius pemerintah. Satu tahun adalah waktu yang singkat untuk melihat dampak penuh dari semua kebijakan, namun masyarakat berhak untuk melihat progres nyata!",kritik konstruktif terkait penciptaan lapangan kerja dan pemulihan ekonomi skala nasional juga perlu menjadi perhatian serius pemerintah satu tahun adalah waktu yang singkat untuk melihat dampak penuh dari semua kebijakan namun masyarakat berhak untuk melihat progres nyata,kritik konstruktif kait cipta lapang kerja pulih ekonomi skala nasional perhati serius pemerintah singkat dampak penuh bijak masyarakat hak progres nyata,neutral
@kayla3775261579,@Nita_Cantik21,@Nita_Cantik21 Satu tahun kepemimpinan Prabowo membawa optimisme baru di tanah Papua. #1TahunPresidenPrabowo,satu tahun kepemimpinan prabowo membawa optimisme baru di tanah papua,pimpin prabowo bawa optimisme tanah papua,positive
@Dodysanjaya49,@Nita_Cantik21,"@Nita_Cantik21 Satu tahun Prabowo, Papua semakin maju, sejahtera, dan berdaya! #1TahunPresidenPrabowo",satu tahun prabowo papua semakin maju sejahtera dan berdaya,prabowo papua maju sejahtera daya,positive
@bohaytiwi,@Nita_Cantik21,@Nita_Cantik21 Satu tahun pemerintahan Presiden Prabowo menjadi tonggak semangat baru bagi Papua yang maju dan berdaulat. #1TahunPresidenPrabowo,satu tahun pemerintahan presiden prabowo menjadi tonggak semangat baru bagi papua yang maju dan berdaulat,pemerintah presiden prabowo tonggak semangat papua maju daulat,positive
@nisa_salsall,@nafla_shakum,"@nafla_shakum Hasil satu tahun Prabowo-Gibran berasa, ekonomi makin stabil, pangan cukup, semua program sosial nyampe ke masyarakat #1thnPrabowoGibran",hasil satu tahun prabowo gibran berasa ekonomi makin stabil pangan cukup semua program sosial sampai ke masyarakat,hasil prabowo gibran asa ekonomi stabil pangan program sosial masyarakat,positive
@yudhi_winarno,@aniesbaswedan,@aniesbaswedan @prabowo mas anis... mas anis...  lalu nilainya berapa dari 10-100 di satu tahun masa jabatan beliau saat ini ?,mas anis mas anis lalu nilainya berapa dari di satu tahun masa jabatan beliau saat ini,mas anis mas anis nilai jabat beliau,neutral
@Adennybroos,@jhonsitorus_19,@jhonsitorus_19 @jokowi Satu tahun hasil kerja Prabowo-Gibran. Prabowo : Ada hasilnya walaupun belum signifikan. Gibran : Zero hasilnya cuma jalan2 ngabisin anggaran 😅,satu tahun hasil kerja prabowo gibran prabowo ada hasilnya walaupun belum signifikan gibran zero hasilnya cuma jalan ngabisin anggaran,hasil kerja prabowo gibran prabowo hasil signifikan gibran zero hasil jalan ngabisin anggar,positive
@Amran2728394187,@sharpandshark,"@sharpandshark Usul, urun rembuk, sbg masukan, jika setelah satu tahun pemerintah pak Prabowo ada resafel kabinet mohon dipertimbangkan tokoh2 yg berintegritas seperti pak jonan, sudirman said, abraham samad, bu susi pujiastuti, dijadiin menteri utk kalaborasi bersama pak purbaya",usul urun rembuk sebagai masukan jika setelah satu tahun pemerintah pak prabowo ada resafel kabinet mohon dipertimbangkan tokoh yang berintegritas seperti pak jonan sudirman said abraham samad bu susi pujiastuti dijadikan menteri untuk kalaborasi bersama pak purbaya,usul urun rembuk masuk pemerintah prabowo resafel kabinet mohon timbang tokoh integritas jonan sudirman said abraham samad bu sus pujiastuti jadi menteri kalaborasi purbaya,neutral
@azmina_taletha,@janet_astuti,"@janet_astuti Satu tahun berjalan, anak Papua makin punya modal dengan beasiswa, pelatihan, dan dorongan usaha lewat kebijakan Prabowo",satu tahun berjalan anak papua makin punya modal dengan beasiswa pelatihan dan dorongan usaha lewat kebijakan prabowo,jalan anak papua modal beasiswa latih dorong usaha bijak prabowo,positive
@NovaNug34902417,@cakimiNOW,"@cakimiNOW @prabowo @nasaruddinumar Presiden selaku pemipin dapat mengokestasi para pembantunya dengan tepat, sehingga catatan pemerintahan dalam satu tahun ini dapat memuaskan publik.",presiden selaku pemipin dapat mengokestasi para pembantunya dengan tepat sehingga catatan pemerintahan dalam satu tahun ini dapat memuaskan publik,presiden pemipin mengokestasi bantu catat pemerintah muas publik,positive
@Yuli4na89,@raraasliw,"@raraasliw Satu tahun berjalan, publik mulai bisa menilai arah kebijakan kabinet Prabowo-Gibran. good job Bapak Zulkifli Hasan #MenkoBidangPangan",satu tahun berjalan publik mulai bisa menilai arah kebijakan kabinet prabowo gibran good job bapak zulkifli hasan,jalan publik nilai arah bijak kabinet prabowo gibran good job zulkifli hasan,positive
@Tuiiterdotcom,@lexialeksa,@lexialeksa Satu tahun kepemimpinan Prabowo–Gibran menjadi bukti nyata komitmen membangun Indonesia yang lebih kuat dan sejahtera. #LangkahNyataUntukIndonesia,satu tahun kepemimpinan prabowo gibran menjadi bukti nyata komitmen membangun indonesia yang lebih kuat dan sejahtera,pimpin prabowo gibran bukti nyata komitmen bangun indonesia kuat sejahtera,positive
@Tuing_tuiing,@lexialeksa,"@lexialeksa Dalam satu tahun, pemerintahan Prabowo–Gibran menghadirkan langkah konkret memperkuat ketahanan pangan nasional. #LangkahNyataUntukIndonesia",dalam satu tahun pemerintahan prabowo gibran menghadirkan langkah konkret memperkuat ketahanan pangan nasional,pemerintah prabowo gibran hadir langkah konkret kuat tahan pangan nasional,positive
@afsanaxnanw,@lexialeksa,"@lexialeksa Satu tahun penuh kerja nyata, pemerintahan Prabowo–Gibran hadir dengan kebijakan yang berdampak langsung bagi rakyat. #LangkahNyataUntukIndonesia",satu tahun penuh kerja nyata pemerintahan prabowo gibran hadir dengan kebijakan yang berdampak langsung bagi rakyat,penuh kerja nyata pemerintah prabowo gibran hadir bijak dampak langsung rakyat,positive
@cadmbury,@lexialeksa,@lexialeksa Satu tahun pemerintahan Prabowo–Gibran menjadi tonggak baru dalam memperkuat fondasi ekonomi dan kemandirian bangsa. #LangkahNyataUntukIndonesia,satu tahun pemerintahan prabowo gibran menjadi tonggak baru dalam memperkuat fondasi ekonomi dan kemandirian bangsa,pemerintah prabowo gibran tonggak kuat fondasi ekonomi mandiri bangsa,positive
@AhmadJefri2,@lexialeksa,@lexialeksa satu tahun pemerintahan prabowo-gibran: arah baru dalam penegakan hukum kinerja yang bagus  #LangkahNyataUntukIndonesia,satu tahun pemerintahan prabowo gibran arah baru dalam penegakan hukum kinerja yang bagus,pemerintah prabowo gibran arah tega hukum kinerja bagus,positive
@bi_faul,@lexialeksa,"@lexialeksa memasuki satu tahun masa kepemimpinan presiden prabowo subianto dan wakil presiden gibran rakabuming raka, geliat optimisme menyelimuti seluruh penjuru negeri. harus support terus #LangkahNyataUntukIndonesia",memasuki satu tahun masa kepemimpinan presiden prabowo subianto dan wakil presiden gibran rakabuming raka geliat optimisme menyelimuti seluruh penjuru negeri harus support terus,pasuk pimpin presiden prabowo subianto wakil presiden gibran rakabuming raka geliat optimisme limut penjuru negeri support,neutral
@DewiRatu31,@lexialeksa,"@lexialeksa ekonom great institute sekaligus guru besar feb universitas yarsi, prof dr perdana wahyu, menilai capaian pemerintahan presiden prabowo subianto dan wakil presiden gibran dalam satu tahun terakhir tergolong luar biasa. harus support terus #LangkahNyataUntukIndonesia",ekonom great institute sekaligus guru besar feb universitas yarsi prof dari perdana wahyu menilai capaian pemerintahan presiden prabowo subianto dan wakil presiden gibran dalam satu tahun terakhir tergolong luar biasa harus support terus,ekonom great institute guru feb universitas yarsi prof perdana wahyu nilai capai pemerintah presiden prabowo subianto wakil presiden gibran golong support,neutral
@Smaria1510,@lexialeksa,@lexialeksa menilai capaian pemerintahan presiden prabowo subianto dan wakil presiden gibran rakabuming raka dalam satu tahun terakhir tergolong luar biasa. kinerja yang bagus  #LangkahNyataUntukIndonesia,menilai capaian pemerintahan presiden prabowo subianto dan wakil presiden gibran rakabuming raka dalam satu tahun terakhir tergolong luar biasa kinerja yang bagus,nilai capai pemerintah presiden prabowo subianto wakil presiden gibran rakabuming raka golong kinerja bagus,positive
@GardaGun,@prabowo,"@prabowo Selamat Ulang Tahun, sehat selalu barokah dan tetap menjaga patriotisme dan ideologi kerakyatan yang bapak junjung tinggi.   Sedikit agak terganggu dengan satu capture  photo anak muda artis yg tengah jadi polemik masyarakat, harus dimunculkan,  Karena implikasinya bs luas.",selamat ulang tahun sehat selalu barokah dan tetap menjaga patriotisme dan ideologi kerakyatan yang bapak junjung tinggi sedikit agak terganggu dengan satu capture photo anak muda artis yang tengah jadi polemik masyarakat harus dimunculkan karena implikasinya bisa luas,selamat ulang sehat barokah jaga patriotisme ideologi rakyat junjung ganggu capture photo anak muda artis polemik masyarakat muncul implikasi luas,positive
@agisubagio,@VIVAcoid,@VIVAcoid Lebih tepat satu tahun di bawah @prabowo. Kalau fufufafa mending disuruh sma dan kuliah lagi biar lebih pintar dalam menjawab pertanyaan wartawan.,lebih tepat satu tahun di bawah kalau fufufafa mending disuruh sama dan kuliah lagi biar lebih pintar dalam menjawab pertanyaan wartawan,fufufafa mending suruh kuliah biar pintar wartawan,negative
@aliastodeskie,@salam4jari,"@salam4jari Satu tahun rapor kinerja Prabowo Gibran, menurut saya sih problematis, apakah yang sebenarnya mereka sembunyikan 🙀",satu tahun rapor kinerja prabowo gibran menurut saya sih problematis apakah yang sebenarnya mereka sembunyikan,rapor kinerja prabowo gibran problematis sembunyi,neutral
@Bud_Cavalera,@tempodotco,"@tempodotco Baru satu tahun ya? Perasaan lama sekali rasanya, era pemerintahan Prabowo ini waktu sehari bagai setahun rasanya",baru satu tahun ya perasaan lama sekali rasanya era pemerintahan prabowo ini waktu sehari bagai setahun rasanya,asa era pemerintah prabowo hari tahun,negative
@hapeeror1713512,@sharpandshark,"@sharpandshark Usul, urun rembuk, sbg masukan, jika setelah satu tahun pemerintah pak Prabowo ada resafel kabinet mohon dipertimbangkan tokoh2 yg berintegritas seperti pak jonan, sudirman said, abraham samad, bu susi pujiastuti, dijadiin menteri utk kalaborasi bersama pak purbaya",usul urun rembuk sebagai masukan jika setelah satu tahun pemerintah pak prabowo ada resafel kabinet mohon dipertimbangkan tokoh yang berintegritas seperti pak jonan sudirman said abraham samad bu susi pujiastuti dijadikan menteri untuk kalaborasi bersama pak purbaya,usul urun rembuk masuk pemerintah prabowo resafel kabinet mohon timbang tokoh integritas jonan sudirman said abraham samad bu sus pujiastuti jadi menteri kalaborasi purbaya,neutral
@kabar_Baikk,@Saham_fess,"@Saham_fess Senin 20 oktober, satu tahun Presiden prabowo, semoga dibikin hijau porto2nya, biar prabowo ga kena serangan negativ😄",senin oktober satu tahun presiden prabowo semoga dibikin hijau portonya biar prabowo enggak kena serangan negativ,senin oktober presiden prabowo moga bikin hijau porto biar prabowo kena serang negativ,positive
@Alto_xp,@ayers_caid66545,@ayers_caid66545 Satu tahun Prabowo Gibran berhasil jaga demokrasi yang sehat  #1TahunPrabowoGibran #1TahunPresidenPrabowo https://t.co/PFXqCbFCms,satu tahun prabowo gibran berhasil jaga demokrasi yang sehat,prabowo gibran hasil jaga demokrasi sehat,positive
@_JusticeForUs_,@txtdrimedia,"@txtdrimedia Dalam satu tahun kepemimpinan Presiden Prabowo, berbagai program pro-rakyat mulai menunjukkan hasil nyata. Kebijakan yg berfokus pd pemerataan ekonomi, pemberdayaan masyarakat, dan penciptaan lapangan kerja berhasil menurunkan angka pengangguran dan mengurangi tingkat kemiskinan.",dalam satu tahun kepemimpinan presiden prabowo berbagai program pro rakyat mulai menunjukkan hasil nyata kebijakan yang berfokus pada pemerataan ekonomi pemberdayaan masyarakat dan penciptaan lapangan kerja berhasil menurunkan angka pengangguran dan mengurangi tingkat kemiskinan,pimpin presiden prabowo program pro rakyat hasil nyata bijak fokus perata ekonomi daya masyarakat cipta lapang kerja hasil turun angka anggur kurang tingkat miskin,positive
@5ulimansaranan1,@paivting,"@paivting Satu tahun penuh kerja nyata! Jalan dibuka, pangan diperkuat, rakyat makin sejahtera. Prabowo–Gibran hadir bukan dengan janji, tapi bukti. 💪🇮🇩 #1TahunPrabowoGibran #1TahunPresidenPrabowo https://t.co/z4JD8oBw2C",satu tahun penuh kerja nyata jalan dibuka pangan diperkuat rakyat makin sejahtera prabowo gibran hadir bukan dengan janji tapi bukti,penuh kerja nyata jalan buka pangan kuat rakyat sejahtera prabowo gibran hadir janji bukti,positive
@y_yumnan,@TrendAsia_Org,"@TrendAsia_Org @YLBHI @jatamnas @amnestyindo @antikorupsi @bersihkan_indo @BudiBukanIntel @walhinasional @projectm_org Sudah satu tahun Prabowo menjadi Presiden, masih adakah harapan hal seperti tidak akan terjadi lagi dalam empat tahun kedepan sampai berakhir masa tugasnya ?",sudah satu tahun prabowo menjadi presiden masih adakah harapan hal seperti tidak akan terjadi lagi dalam empat tahun kedepan sampai berakhir masa tugasnya,prabowo presiden ada harap depan tugas,neutral
@GFansu,@txtdrimedia,"@txtdrimedia Selama satu tahun kepemimpinan Presiden Prabowo Subianto, pemerintah telah meluncurkan berbagai program yang bermanfaat bagi masyarakat.",selama satu tahun kepemimpinan presiden prabowo subianto pemerintah telah meluncurkan berbagai program yang bermanfaat bagi masyarakat,pimpin presiden prabowo subianto pemerintah luncur program manfaat masyarakat,positive
@GhaliyaJasmine,@ihaewons,@ihaewons satu tahun bapak Presiden Prabowo memberikan kerja nyata yang bisa dirasakan masyarakat pelosok Papua #TerimakasihPresidenUntukPapua,satu tahun bapak presiden prabowo memberikan kerja nyata yang bisa dirasakan masyarakat pelosok papua,presiden prabowo kerja nyata rasa masyarakat pelosok papua,positive
@Baktinusa76,@Srik4ndiMuslim2,"@Srik4ndiMuslim2 Satu tahun Prabowo-Gibran; Gaji PNS/ASN, TNI/POLRI, naik. Bsk Menkeu sgr bikin SE. Dana dari sitaan duit koruptor. Mosok naikin dana reses DPR bisa, sdg untuk aparat pemerintah gak bs. Terlalu. 😁😁😁😁",satu tahun prabowo gibran gaji pns asn tni polri naik besok menkeu sgr bikin se dana dari sitaan duit koruptor mosok naikin dana reses dpr bisa sedang untuk aparat pemerintah enggak bisa terlalu,prabowo gibran gaji pns asn tni polri besok menkeu sgr bikin dana sita duit koruptor mosok naikin dana reses dpr aparat pemerintah,neutral
@Ales21070844,@neVerAl0nely___,@neVerAl0nely___ Satu tahun di pemerintahan Prabowo.... ternyata gambarannya seperti ini....😭,satu tahun di pemerintahan prabowo ternyata gambarannya seperti ini,pemerintah prabowo gambar,neutral
@TheUncleDee,@sharpandshark,@sharpandshark Terim Kasih Pak Purbaya..🙏🙏  Satu Persatu kita di sajikan FAKTA YANG TAK TERBANTAHKAN  Bahwa 10 Tahun @jokowi jadi Presiden  Begitu banyak penyelewengan UANG NEGARA  Pantes Hutang Negara sampe 8.000 TRILIUN   @KemenkeuRI @prabowo @setkabgoid  https://t.co/IS97O1LxBS,terim kasih pak purbaya satu persatu kita di sajikan fakta yang tak terbantahkan bahwa tahun jadi presiden begitu banyak penyelewengan uang negara pantas hutang negara sampai triliun,rim kasih purbaya satu saji fakta bantah presiden seleweng uang negara hutang negara triliun,positive
@hana_w112,@goodnewsfromIDN,"@goodnewsfromIDN Daripada sibuk protes, lebih enak liat kerja nyata satu tahun Prabowo-Gibran #1thnPrabowoGibran",daripada sibuk protes lebih enak lihat kerja nyata satu tahun prabowo gibran,sibuk protes enak lihat kerja nyata prabowo gibran,positive
@Indonesiaguyub,@hardye76,"@hardye76 Jadi kepikiran. Satu tahun Prabowo aja sdh mau disuap Rp.16,5 T. Gimana yang jadi Presiden 10 tahun ya?",jadi kepikiran satu tahun prabowo saja sudah mau disuap rp t bagaimana yang jadi presiden tahun ya,pikir prabowo suap rp t presiden,negative
@patrickadolft,@barengwarga,@barengwarga @celios_id Versi Kompas min 🤣🤣🤣  https://t.co/PK38pgFMhk,versi kompas min,versi kompas min,neutral
@5ulimansaranan1,@geloraco,"@geloraco Satu tahun bukan akhir, tapi awal perjalanan panjang menuju Indonesia yang lebih kuat, adil, dan makmur di bawah kepemimpinan Prabowo–Gibran. 🇮🇩🌟 #1TahunPrabowoGibran #1TahunPresidenPrabowo https://t.co/U2qEjBaqQl",satu tahun bukan akhir tapi awal perjalanan panjang menuju indonesia yang lebih kuat adil dan makmur di bawah kepemimpinan prabowo gibran,jalan indonesia kuat adil makmur pimpin prabowo gibran,positive
@syguti171147,@yodisss,@yodisss setelah genap satu tahun pemerintahan presiden prabowo dengan berbagai program yang telah di jalankan akhirnya mampu menyentuh seluruh lapisan masyarakat semoga seluruh program dapat berjalan lancar  #TerimakasihPresidenuntukPapua,setelah genap satu tahun pemerintahan presiden prabowo dengan berbagai program yang telah di jalankan akhirnya mampu menyentuh seluruh lapisan masyarakat semoga seluruh program dapat berjalan lancar,genap pemerintah presiden prabowo program jalan sentuh lapis masyarakat moga program jalan lancar,positive
@nalar_logis,@saidiman,"@saidiman @tempodotco Bila belajar dari kemajuan yg berhasil dicapai China, apa yg dilakukan @prabowo dalam satu tahun terakhir ini sudah berada di jalur yg tepat  Stabilitas politik dan tertib sipil adalah kunci keberhasilan China",bila belajar dari kemajuan yang berhasil dicapai china apa yang dilakukan dalam satu tahun terakhir ini sudah berada di jalur yang tepat stabilitas politik dan tertib sipil adalah kunci keberhasilan china,ajar maju hasil capai china jalur stabilitas politik tertib sipil kunci hasil china,positive
@Litllestaar,@yankedaddies,@yankedaddies Kepemimpinan Prabowo-Gibran selama satu tahun membuka babak baru untuk Indonesia yang maju dan sejahtera. #SetahunCapaianNyata,kepemimpinan prabowo gibran selama satu tahun membuka babak baru untuk indonesia yang maju dan sejahtera,pimpin prabowo gibran buka babak indonesia maju sejahtera,positive
@DariiYuhi,@ntbd97__,@ntbd97__ Satu tahun pemerintahan Prabowo-Gibran membawa semangat baru untuk membangun bangsa yang berdaulat dan berkeadilan #SetahunCapaianNyata,satu tahun pemerintahan prabowo gibran membawa semangat baru untuk membangun bangsa yang berdaulat dan berkeadilan,pemerintah prabowo gibran bawa semangat bangun bangsa daulat adil,positive
@Axelmrvlo,@rafiq_erouck,@rafiq_erouck Apresiasi untuk satu tahun kerja nyata pemerintahan Prabowo–Gibran! Langkah pasti menuju Indonesia Emas 2045. 💪🇮🇩 #SetahunCapaianNyata,apresiasi untuk satu tahun kerja nyata pemerintahan prabowo gibran langkah pasti menuju indonesia emas,apresiasi kerja nyata pemerintah prabowo gibran langkah indonesia emas,positive
@Sel145Via,@freecsia,@freecsia Wah satu tahun kepemimpinan Prabowo-Gibran menandai langkah baru menuju Indonesia yang lebih mandiri dan sejahtera #SetahunCapaianNyata,wah satu tahun kepemimpinan prabowo gibran menandai langkah baru menuju indonesia yang lebih mandiri dan sejahtera,pimpin prabowo gibran tanda langkah indonesia mandiri sejahtera,positive
@azu_razu69,@yankedaddies,@yankedaddies Satu tahun kepemimpinan Prabowo-Gibran menandai langkah baru menuju Indonesia yang lebih mandiri dan sejahtera. #SetahunCapaianNyata,satu tahun kepemimpinan prabowo gibran menandai langkah baru menuju indonesia yang lebih mandiri dan sejahtera,pimpin prabowo gibran tanda langkah indonesia mandiri sejahtera,positive
@kleirs03,@319ahw,"@319ahw Satu tahun Prabowo-Gibran, satu langkah besar menuju Indonesia yang kuat mulai dari pangan cukup, jalan terbuka, rakyat sejahtera👍🏻 #SetahunCapaianNyata",satu tahun prabowo gibran satu langkah besar menuju indonesia yang kuat mulai dari pangan cukup jalan terbuka rakyat sejahtera,prabowo gibran langkah indonesia kuat pangan jalan buka rakyat sejahtera,positive
@KusWafa61999,@ihaewons,@ihaewons Satu tahun kepemimpinan Prabowo-Gibran jadi momentum pembuktian bahwa kerja nyata bisa mengubah arah bangsa menuju masa depan yang lebih optimis. #SetahunCapaianNyata,satu tahun kepemimpinan prabowo gibran jadi momentum pembuktian bahwa kerja nyata bisa mengubah arah bangsa menuju masa depan yang lebih optimis,pimpin prabowo gibran momentum bukti kerja nyata ubah arah bangsa optimis,positive
@elvaraya14,@yankedaddies,@yankedaddies Setuju banget...Satu tahun kepemimpinan Prabowo-Gibran menandai langkah baru menuju Indonesia yang lebih mandiri dan sejahtera. #SetahunCapaianNyata,setuju banget satu tahun kepemimpinan prabowo gibran menandai langkah baru menuju indonesia yang lebih mandiri dan sejahtera,tuju banget pimpin prabowo gibran tanda langkah indonesia mandiri sejahtera,positive
@vaneshazalea,@yankedaddies,"@yankedaddies Satu tahun kepemimpinan Prabowo–Gibran menjadi simbol perubahan nyata menuju Indonesia yang tangguh, mandiri, dan sejahtera. #SetahunCapaianNyata",satu tahun kepemimpinan prabowo gibran menjadi simbol perubahan nyata menuju indonesia yang tangguh mandiri dan sejahtera,pimpin prabowo gibran simbol ubah nyata indonesia tangguh mandiri sejahtera,positive
@darknessrijal,@319ahw,@319ahw Satu tahun yg sangat berarti bagi ku atas pencapaian pak Prabowo Gibran ini #SetahunCapaianNyata,satu tahun yang sangat berarti bagi ku atas pencapaian pak prabowo gibran ini,ku capai prabowo gibran,positive
@fajarnurnu67246,@transfter,@transfter Satu tahun kepemimpinan Prabowo–Gibran benar-benar membawa angin segar. Program yang dijalankan nyata dan dirasakan masyarakat. 🇮🇩 #SetahunCapaianNyata 🔗 https://t.co/RMDZcZTC88,satu tahun kepemimpinan prabowo gibran benar benar membawa angin segar program yang dijalankan nyata dan dirasakan masyarakat,pimpin prabowo gibran bawa angin segar program jalan nyata rasa masyarakat,positive
@clara_andin5,@yankedaddies,@yankedaddies iya kak bangga banget dalam satu tahun pemerintahan Prabowo-Gibran banyak pencapaian yang telah diberikan #SetahunCapaianNyata,iya kak bangga banget dalam satu tahun pemerintahan prabowo gibran banyak pencapaian yang telah diberikan,iya kak bangga banget pemerintah prabowo gibran capai,positive
@laggimik,@319ahw,"@319ahw dalam satu tahun pemerintahan prabowo-gibran berjalan dengan hasil nyata dari ketahanan pangan, pemerataan energi, hingga kemajuan ekonomi rakyat #SetahunCapaianNyata",dalam satu tahun pemerintahan prabowo gibran berjalan dengan hasil nyata dari ketahanan pangan pemerataan energi hingga kemajuan ekonomi rakyat,pemerintah prabowo gibran jalan hasil nyata tahan pangan perata energi maju ekonomi rakyat,positive
@NesiZahra,@yankedaddies,"@yankedaddies Dari pembangunan ekonomi hingga pemerataan sosial, satu tahun Prabowo-Gibran membawa harapan baru bagi bangsa. #SetahunCapaianNyata",dari pembangunan ekonomi hingga pemerataan sosial satu tahun prabowo gibran membawa harapan baru bagi bangsa,bangun ekonomi perata sosial prabowo gibran bawa harap bangsa,positive
@049_christian,@yankedaddies,"@yankedaddies satu tahun pemerintahan Prabowo-Gibran berjalan dengan hasil nyata, dari ketahanan pangan, pemerataan energi, hingga kemajuan ekonomi rakyat. #SetahunCapaianNyata",satu tahun pemerintahan prabowo gibran berjalan dengan hasil nyata dari ketahanan pangan pemerataan energi hingga kemajuan ekonomi rakyat,pemerintah prabowo gibran jalan hasil nyata tahan pangan perata energi maju ekonomi rakyat,positive
@Zoroonepie7,@yankedaddies,"@yankedaddies Satu tahun kepemimpinan era pak Prabowo ini terasa dampaknya bagi kita warga Indonesia, dari pangan, pendidikan, infrastruktur dan lain lain, semangat menuju Indonesia maju #SetahunCapaianNyata",satu tahun kepemimpinan era pak prabowo ini terasa dampaknya bagi kita warga indonesia dari pangan pendidikan infrastruktur dan lain lain semangat menuju indonesia maju,pimpin era prabowo dampak warga indonesia pangan didik infrastruktur semangat indonesia maju,positive
@kailaputri77,@yankedaddies,"@yankedaddies Dari tawa anak² di kelas, kita tahu masa depan Indonesia sedang disiapkan dengan cinta. Satu tahun kepemimpinan Prabowo–Gibran, pendidikan makin dekat untuk semua. ❤️📚 Ini merupakan pencapaian yang sangat luar biasa sekali dari kepemimpinan beliau ini 🫡 #SetahunCapaianNyata",dari tawa anak di kelas kita tahu masa depan indonesia sedang disiapkan dengan cinta satu tahun kepemimpinan prabowo gibran pendidikan makin dekat untuk semua ini merupakan pencapaian yang sangat luar biasa sekali dari kepemimpinan beliau ini,tawa anak kelas indonesia siap cinta pimpin prabowo gibran didik capai pimpin beliau,positive
@WinEnack,@Kusnolirboyo,@Kusnolirboyo bangga dengan kepemimpinan prabowo baru satu tahun sudah bisa #SwasembadaPangan,bangga dengan kepemimpinan prabowo baru satu tahun sudah bisa,bangga pimpin prabowo,positive
@ikaadelia707,@GOOOOONIC,@GOOOOONIC Satu tahun pemerintahan presiden Prabowo sumber pangan sangat meningkat untuk wujudkan #SwasembadaPangan,satu tahun pemerintahan presiden prabowo sumber pangan sangat meningkat untuk wujudkan,pemerintah presiden prabowo sumber pangan tingkat wujud,positive
@Endangmunawari,@EvitaKutisari,"@EvitaKutisari Satu tahun pertama jadi langkah penting buat pemerintahan Prabowo–Gibran ngebuktiin komitmen kerja nyata. Program terus jalan, hasilnya mulai terasa di masyarakat. #SetahunCapaianNyata",satu tahun pertama jadi langkah penting buat pemerintahan prabowo gibran membuktikan komitmen kerja nyata program terus jalan hasilnya mulai terasa di masyarakat,langkah pemerintah prabowo gibran bukti komitmen kerja nyata program jalan hasil masyarakat,positive
@pchythoo,@transfter,@transfter Satu tahun kepemimpinan Prabowo–Gibran membuka babak baru menuju kemandirian bangsa yang keren #SetahunCapaianNyata,satu tahun kepemimpinan prabowo gibran membuka babak baru menuju kemandirian bangsa yang keren,pimpin prabowo gibran buka babak mandiri bangsa keren,positive
@currentydir,@transfter,"@transfter tidak terasa sudah satu tahun pemerintahan Prabowo-Gibran, ini jadi salah satu program perubahan yang beneran sudah kelihatan hasilnya #SetahunCapaianNyata",tidak terasa sudah satu tahun pemerintahan prabowo gibran ini jadi salah satu program perubahan yang benaran sudah kelihatan hasilnya,pemerintah prabowo gibran salah program ubah benar hasil,positive
@saniafirda12,@yankedaddies,@yankedaddies Satu tahun kinerja nyata Prabowo Gibran untuk Indonesia yang lebih baik kedepan  #SetahunCapaianNyata,satu tahun kinerja nyata prabowo gibran untuk indonesia yang lebih baik kedepan,kinerja nyata prabowo gibran indonesia depan,positive
@indah_sasi,@rafiq_erouck,@rafiq_erouck Ngerasa seneng banget plus bangga untuk satu tahun kerja nyata pemerintahan Prabowo &amp;Gibran kerja nyata untuk Indonesia lebih maju Langkah pasti menuju Indonesia Emas 2045.sukses selalu Indonesia ku🥰 #SetahunCapaianNyata,merasa senang banget plus bangga untuk satu tahun kerja nyata pemerintahan prabowo amp gibran kerja nyata untuk indonesia lebih maju langkah pasti menuju indonesia emas sukses selalu indonesia ku,senang banget plus bangga kerja nyata pemerintah prabowo gibran kerja nyata indonesia maju langkah indonesia emas sukses indonesia ku,positive
@nisyaxyz,@freecsia,@freecsia Satu tahun kepemimpinan Prabowo-Gibran membuka babak baru menuju Indonesia yang mandiri dan sejahtera. #SetahunCapaianNyata,satu tahun kepemimpinan prabowo gibran membuka babak baru menuju indonesia yang mandiri dan sejahtera,pimpin prabowo gibran buka babak indonesia mandiri sejahtera,positive
@rayhan10b,@ntbd97__,"@ntbd97__ Baru 1 tahun di pimpin oleh pak prabowo negri ini udah mengalami perkembangan yang sangat banyan,semoga kedepan indonesia bisa jadi salah satu negara maju yg di pimpin oleh pak prabowo. #SetahunCapaianNyata",baru tahun di pimpin oleh pak prabowo negeri ini sudah mengalami perkembangan yang sangat banyan semoga kedepan indonesia bisa jadi salah satu negara maju yang di pimpin oleh pak prabowo,pimpin prabowo negeri alami kembang banyan moga depan indonesia salah negara maju pimpin prabowo,positive
@evanismine_,@319ahw,"@319ahw Betul!! Baru satu tahun pertama jadi langkah penting buat pemerintahan Prabowo–Gibran ngebuktiin komitmen kerja nyata. Program terus jalan, hasilnya mulai terasa di masyarakat #SetahunCapaianNyata",betul baru satu tahun pertama jadi langkah penting buat pemerintahan prabowo gibran membuktikan komitmen kerja nyata program terus jalan hasilnya mulai terasa di masyarakat,langkah pemerintah prabowo gibran bukti komitmen kerja nyata program jalan hasil masyarakat,positive
@berliyana90,@ihaewons,@ihaewons Tidak terasa Prabowo-Gibran telah memimpin selama satu tahun terbukti dg langkah dan inovasi baru menuju Indonesia yang lebih maju dan mandiri #SetahunCapaianNyata,tidak terasa prabowo gibran telah memimpin selama satu tahun terbukti dengan langkah dan inovasi baru menuju indonesia yang lebih maju dan mandiri,prabowo gibran pimpin bukti langkah inovasi indonesia maju mandiri,positive
@Risma_dwi93,@freecsia,"@freecsia Satu tahun kepemimpinan Prabowo-Gibran membawa arah baru bagi bangsa. Pembangunan menyentuh seluruh lapisan masyarakat, dari petani hingga pelajar. #SetahunCapaianNyata",satu tahun kepemimpinan prabowo gibran membawa arah baru bagi bangsa pembangunan menyentuh seluruh lapisan masyarakat dari petani hingga pelajar,pimpin prabowo gibran bawa arah bangsa bangun sentuh lapis masyarakat tani ajar,positive
@cloudytea1485,@yankedaddies,@yankedaddies sudah satu tahun periode bapak prabowo dan mas gibran sebagai pemimpin dan wakil negara. meskipun baru satu tahun tapi sudah banyak pencapaian. maju terus untuk pemimpin kita. #SetahunCapaianNyata,sudah satu tahun periode bapak prabowo dan mas gibran sebagai pemimpin dan wakil negara meskipun baru satu tahun tapi sudah banyak pencapaian maju terus untuk pemimpin kita,periode prabowo mas gibran pimpin wakil negara capai maju pimpin,positive
@Eleanazira_,@yankedaddies,"@yankedaddies Satu tahun pemerintahan Prabowo–Gibran menjadi tonggak awal perjalanan menuju Indonesia yang kuat, mandiri, dan sejahtera. #SetahunCapaianNyata",satu tahun pemerintahan prabowo gibran menjadi tonggak awal perjalanan menuju indonesia yang kuat mandiri dan sejahtera,pemerintah prabowo gibran tonggak jalan indonesia kuat mandiri sejahtera,positive
@avakekel3,@BosRQ_,"@BosRQ_ Satu tahun Prabowo-Gibran menunjukkan arah jelas menuju Indonesia yang tangguh, mandiri, dan makmur bersama rakyatnya👏🏻 #SetahunCapaianNyata",satu tahun prabowo gibran menunjukkan arah jelas menuju indonesia yang tangguh mandiri dan makmur bersama rakyatnya,prabowo gibran arah indonesia tangguh mandiri makmur rakyat,positive
@azzafanikha,@yankedaddies,"@yankedaddies Satu tahun kepemimpinan Prabowo–Gibran meneguhkan langkah Indonesia menuju masa depan yang lebih kuat, mandiri, dan sejahtera. #SetahunCapaianNyata",satu tahun kepemimpinan prabowo gibran meneguhkan langkah indonesia menuju masa depan yang lebih kuat mandiri dan sejahtera,pimpin prabowo gibran teguh langkah indonesia kuat mandiri sejahtera,positive
@tungtungshr1,@ihaewons,"@ihaewons Sudah satu tahun pemerintahan Prabowo-Gibran dengan program -program nya yang sampai ke pelosok Papua. Pemerintah berjuang untuk rakyat kecil, melalui program subsidi dan pemberdayaan ekonomi #SetahunCapaianNyata",sudah satu tahun pemerintahan prabowo gibran dengan program program nya yang sampai ke pelosok papua pemerintah berjuang untuk rakyat kecil melalui program subsidi dan pemberdayaan ekonomi,pemerintah prabowo gibran program program pelosok papua pemerintah juang rakyat program subsidi daya ekonomi,positive
@senapramudita,@freecsia,"@freecsia Satu tahun kepemimpinan Prabowo–Gibran menjadi langkah awal menuju Indonesia yang lebih kuat, mandiri, dan sejahtera. Langkah ini baru dimulai, tapi arah masa depan sudah jelas  Indonesia terus maju bersama 🇮🇩✨ semua ini demi rakyat yang adil dan makmur. #SetahunCapaianNyata",satu tahun kepemimpinan prabowo gibran menjadi langkah awal menuju indonesia yang lebih kuat mandiri dan sejahtera langkah ini baru dimulai tapi arah masa depan sudah jelas indonesia terus maju bersama semua ini demi rakyat yang adil dan makmur,pimpin prabowo gibran langkah indonesia kuat mandiri sejahtera langkah arah indonesia maju rakyat adil makmur,positive
@Clara222R47006,@Sekjebn,"@Sekjebn Keren satu tahun pemerintahan Prabowo–Gibran menjadi tonggak awal perjalanan menuju Indonesia yang kuat, mandiri, dan sejahtera. #SetahunCapaianNyata",keren satu tahun pemerintahan prabowo gibran menjadi tonggak awal perjalanan menuju indonesia yang kuat mandiri dan sejahtera,keren pemerintah prabowo gibran tonggak jalan indonesia kuat mandiri sejahtera,positive
@IkaPanja,@yankedaddies,"@yankedaddies satu tahun kepemimpinan prabowo, sangat terasa langkah majunya untuk indonesia, terlebih program MBG yang sangat bermanfaat utk perputaran ekonomi dan pemenuhan gizi anak-anak generasi emas indonesia #SetahunCapaianNyata",satu tahun kepemimpinan prabowo sangat terasa langkah majunya untuk indonesia terlebih program mbg yang sangat bermanfaat untuk perputaran ekonomi dan pemenuhan gizi anak anak generasi emas indonesia,pimpin prabowo langkah maju indonesia program mbg manfaat putar ekonomi penuh gizi anak anak generasi emas indonesia,positive
@zubairmuh80,@ntbd97__,"@ntbd97__ Satu tahun berjalan, fondasi Indonesia Maju semakin kokoh dibangun oleh Prabowo-Gibran. #SetahunCapaianNyata",satu tahun berjalan fondasi indonesia maju semakin kokoh dibangun oleh prabowo gibran,jalan fondasi indonesia maju kokoh bangun prabowo gibran,positive
@thisizan_,@Sekjebn,@Sekjebn satu tahun masa pemerintahan Prabowo-Gibran dan membuktikan bahwa kinerja nya dapat memberikan perubahan dan kemajuan yang lebih baik untuk Indonesia #SetahunCapaianNyata,satu tahun masa pemerintahan prabowo gibran dan membuktikan bahwa kinerja nya dapat memberikan perubahan dan kemajuan yang lebih baik untuk indonesia,pemerintah prabowo gibran bukti kinerja ubah maju indonesia,positive
@rhmn_abd63,@BosRQ_,"@BosRQ_ Telah Satu tahun kepemimpinan Prabowo-Gibran memimpin Indonesia, dan telah memberikan baik di infrastruktur, pangan dan lain lain... #SetahunCapaianNyata",telah satu tahun kepemimpinan prabowo gibran memimpin indonesia dan telah memberikan baik di infrastruktur pangan dan lain lain,pimpin prabowo gibran pimpin indonesia infrastruktur pangan,positive
@amy_kyela,@319ahw,@319ahw Betul banget Baru satu tahun pertama jadi langkah penting buat pemerintahan Prabowo–Gibran ngebuktiin komitmen kerja nyata yang di rasakan masyarakat #SetahunCapaianNyata,betul banget baru satu tahun pertama jadi langkah penting buat pemerintahan prabowo gibran membuktikan komitmen kerja nyata yang di rasakan masyarakat,banget langkah pemerintah prabowo gibran bukti komitmen kerja nyata rasa masyarakat,positive
@kokodrinkbaru26,@Sekjebn,@Sekjebn Satu tahun kepemimpinan Prabowo-Gibran menandai langkah baru menuju Indonesia yang lebih mandiri dan sejahtera.#SetahunCapaianNyata,satu tahun kepemimpinan prabowo gibran menandai langkah baru menuju indonesia yang lebih mandiri dan sejahtera,pimpin prabowo gibran tanda langkah indonesia mandiri sejahtera,positive
@FarzanaNazia29,@yankedaddies,@yankedaddies Satu tahun yang benar benar membanggakan bagi kepemimpinan Prabowo-Gibran. Waktunya kita menyongsong Indonesia yang maju di masa masa mendatang. Sehat trus para pemimpin. Jangan pernah lelah memimpin negeri ini.#SetahunCapaianNyata,satu tahun yang benar benar membanggakan bagi kepemimpinan prabowo gibran waktunya kita menyongsong indonesia yang maju di masa masa mendatang sehat terus para pemimpin jangan pernah lelah memimpin negeri ini,bangga pimpin prabowo gibran songsong indonesia maju sehat pimpin lelah pimpin negeri,positive
@sadaemty,@rafiq_erouck,"@rafiq_erouck kerja nyata yang diberikan selama satu tahun dalam Pemerintahan Prabowo-Gibran sudan menunjukkan bahwa Indonesia dapat terus maju dan berkembang, ini nilai plus dan menjadi lebih baik untuk masyarakat nya #SetahunCapaianNyata",kerja nyata yang diberikan selama satu tahun dalam pemerintahan prabowo gibran sudan menunjukkan bahwa indonesia dapat terus maju dan berkembang ini nilai plus dan menjadi lebih baik untuk masyarakat nya,kerja nyata pemerintah prabowo gibran sudan indonesia maju kembang nilai plus masyarakat,positive
@Suksesterusz,@yankedaddies,@yankedaddies Wah ternyata satu tahun pemerintahan Prabowo Gibran ada banyak pencapaian yang telah dilakukan dengan aksi nyata. #SetahunCapaianNyata,wah ternyata satu tahun pemerintahan prabowo gibran ada banyak pencapaian yang telah dilakukan dengan aksi nyata,pemerintah prabowo gibran capai aksi nyata,positive
@alanacitraa,@freecsia,@freecsia Satu tahun kepemimpinan Prabowo-Gibran menandai langkah baru menuju Indonesia yang lebih mandiri dan sejahtera. Pemerintah memperluas akses listrik dan internet hingga ke pelosok negeri. #SetahunCapaianNyata,satu tahun kepemimpinan prabowo gibran menandai langkah baru menuju indonesia yang lebih mandiri dan sejahtera pemerintah memperluas akses listrik dan internet hingga ke pelosok negeri,pimpin prabowo gibran tanda langkah indonesia mandiri sejahtera pemerintah luas akses listrik internet pelosok negeri,positive
@ubbi4797,@freecsia,@freecsia pencapaian yang luar biasa satu tahun pak prabowo sangat terasa untuk warga papua  #SetahunCapaianNyata,pencapaian yang luar biasa satu tahun pak prabowo sangat terasa untuk warga papua,capai prabowo warga papua,positive
@rarasarah40,@rafiq_erouck,"@rafiq_erouck salut! terimakasih kepada bapak prabowo-gibran atas kinerjanya selama satu tahun ini, semoga kedepannya lebih baik lagi #SetahunCapaianNyata",salut terimakasih kepada bapak prabowo gibran atas kinerjanya selama satu tahun ini semoga kedepannya lebih baik lagi,salut terimakasih prabowo gibran kerja moga depan,positive
@nesyari56,@transfter,@transfter Satu tahun kepemimpinan Prabowo-Gibran menandai langkah baru menuju Indonesia yang lebih mandiri dan sejahtera...aman dan damai #SetahunCapaianNyata,satu tahun kepemimpinan prabowo gibran menandai langkah baru menuju indonesia yang lebih mandiri dan sejahtera aman dan damai,pimpin prabowo gibran tanda langkah indonesia mandiri sejahtera aman damai,positive
@deniasari94,@ntbd97__,"@ntbd97__ gak terasa udah satu tahun prabowo-gibran pimpin indonesia, banyak sudah pencapaian terutama di bidang ketahanan pangan yg mensejahterahkan para petani #SetahunCapaianNyata",enggak terasa sudah satu tahun prabowo gibran pimpin indonesia banyak sudah pencapaian terutama di bidang ketahanan pangan yang mensejahterahkan para petani,prabowo gibran pimpin indonesia capai bidang tahan pangan mensejahterahkan tani,positive
@hayatsemar,@Yusrilihza_Mhd,"@Yusrilihza_Mhd Pak Yusril kayaknya seneng, padahal secara keseluruhan pemerintahan Parabowo Gibran cuma dapat nilai 3 dari 10 😀 https://t.co/sGejYLy9FN",pak yusril kayaknya senang padahal secara keseluruhan pemerintahan parabowo gibran cuma dapat nilai dari,yusril kayak senang pemerintah parabowo gibran nilai,positive
@Luffyme84,@freecsia,"@freecsia Telah Satu tahun kepemimpinan Prabowo-Gibran menandai langkah baru menuju Indonesia yang lebih mandiri dan sejahtera. Baik di pangan, infrastruktur dan lain lain, mari menuju Indonesia maju  #SetahunCapaianNyata",telah satu tahun kepemimpinan prabowo gibran menandai langkah baru menuju indonesia yang lebih mandiri dan sejahtera baik di pangan infrastruktur dan lain lain mari menuju indonesia maju,pimpin prabowo gibran tanda langkah indonesia mandiri sejahtera pangan infrastruktur mari indonesia maju,positive
@Davifauzi89,@yankedaddies,"@yankedaddies satu tahun kepemimmpinan prabowo_gibran,bener bener terasa hasilnya dari mulai anak anak sekola dan petani dapat manfaatnya,ini adalah bentuk ketja nyata bukan omongan belaka#SetahunCapaianNyata",satu tahun kepemimmpinan prabowo_gibran benar benar terasa hasilnya dari mulai anak anak sekola dan petani dapat manfaatnya ini adalah bentuk ketja nyata bukan omongan belaka,kepemimmpinan prabowo gibran hasil anak anak kola tani manfaat bentuk ketja nyata omong belaka,positive
@B38eN_Gu5t4v,@budimandjatmiko,"@budimandjatmiko @prabowo @gibran_tweet @garudatvnews Mungkin memang belum sempurna karna baru satu tahun,tapi kita kudu optimis di sisa 4 tahun lagi semua bakal bisa terealisasikan.🤲🇲🇨",mungkin memang belum sempurna karena baru satu tahun tapi kita kudu optimis di sisa tahun lagi semua bakal bisa terealisasikan,sempurna kudu optimis sisa realisasi,neutral
@FeriGondrong270,@budimandjatmiko,@budimandjatmiko @prabowo @gibran_tweet @garudatvnews Langkah awal baru 1 tahun sudah kelihatan hasilnya.sasaranya tepat sesuai dengan yang disampaikan bapak Budiman yang mengatakan melau BP Taskin pengentasan kemiskinan menjadi salah satu prioritas program pemerintah saat ini.strateginya gamblang dan mempunyai arah yg jelas,langkah awal baru tahun sudah kelihatan hasilnya sasaranya tepat sesuai dengan yang disampaikan bapak budiman yang mengatakan melau bp taskin pengentasan kemiskinan menjadi salah satu prioritas program pemerintah saat ini strateginya gamblang dan mempunyai arah yang jelas,langkah hasil sasaranya sesuai budiman melau bp taskin entas miskin salah prioritas program pemerintah strategi gamblang arah,positive
@18rina_rose,@Sekjebn,"@Sekjebn ada lagi kak.. dalam satu tahun kepemimpinan pak prabowo ini, sudah banyak banget lho pemberantasan korupsi  #SetahunCapaianNyata",ada lagi kak dalam satu tahun kepemimpinan pak prabowo ini sudah banyak banget lho pemberantasan korupsi,kak pimpin prabowo banget berantas korupsi,positive
@5yakira5alsa,@yankedaddies,"@yankedaddies Dalam satu tahun ini sudah banyak program pak prabowo salah satunya adalah MBG, beliau membuktikan dengan kinerja yang nyata bukan sekedar kata² #SetahunCapaianNyata",dalam satu tahun ini sudah banyak program pak prabowo salah satunya adalah mbg beliau membuktikan dengan kinerja yang nyata bukan sekedar kata,program prabowo salah satu mbg beliau bukti kinerja nyata dar,positive
@eddiewahjudiono,@hariankompas,"@hariankompas Perjalanan satu tahun pemerintahan @prabowo yg tersandera oleh @jokowi  Kapan penyanderaan ini berakhir tergantung Prabowo,bila dia berpihak ke Jokowi negara ini tdk akan mencapai tahun emasnya karena tatanan hukum akan diabaikan dan dilanggar seperti yg dilakukan jokowi",perjalanan satu tahun pemerintahan yang tersandera oleh kapan penyanderaan ini berakhir tergantung prabowo bila dia berpihak ke jokowi negara ini tidak akan mencapai tahun emasnya karena tatanan hukum akan diabaikan dan dilanggar seperti yang dilakukan jokowi,jalan pemerintah sandera sandera gantung prabowo pihak jokowi negara capai emas tatanan hukum abai langgar jokowi,negative
@marshelMARDINA1,@Franken_blues,"@Franken_blues @GunRomli Tak kirano yang satu tahun itu ""PRABOWO-GIBRAN"" thooo, tak kirano PRABOWO doangan ???.",tak kirano yang satu tahun itu prabowo gibran thooo tak kirano prabowo doangan,kirano prabowo gibran thooo kirano prabowo doang,neutral
@heri1618,@NenkMonica,"@NenkMonica @Kuturi_Sugata @prabowo Mana sih menteri yang di tindak nya ? Tak usah bicara di publik langsung aja stop berhentikan ganti  Beres pak  Capek kami hanya denger omon-omon begini setiap hari Sudah Satu tahun ini pak, mana hasil nya 20% berjalan",mana sih menteri yang di tindak nya tak usah bicara di publik langsung saja stop berhentikan ganti beres pak capek kami hanya dengar omon omon begini setiap hari sudah satu tahun ini pak mana hasil nya berjalan,menteri tindak bicara publik langsung stop henti ganti beres capek dengar omon omon hasil jalan,negative
@bintang_emon2,@RantaiPersatuan,@RantaiPersatuan Satu tahun perjalanan Prabowo-Gibran bukti kerja itu bicara lebih lantang dari janji #1thnPrabowoGibran,satu tahun perjalanan prabowo gibran bukti kerja itu bicara lebih lantang dari janji,jalan prabowo gibran bukti kerja bicara lantang janji,positive
@YoyokSan11,@salam4jari,"@salam4jari Satu Tahun ""Prabowo"" tepatnya sbg single fighter. Emang Indonesia punya Wapres? Gw ga ngeh kl Indo ada Wapres, apa gw aja yg terlalu introvert dan gila kerja cari rejeki halal saja sampe ga tau loh kl Indo ada Wapres...  Maapkan sy ya Pak Prabowo... 😆😂🤣",satu tahun prabowo tepatnya sebagai single fighter memang indonesia punya wapres gue enggak engah kalo indonesia ada wapres apa gue saja yang terlalu introvert dan gila kerja cari rejeki halal saja sampai enggak tau loh kalo indonesia ada wapres maapkan saya ya pak prabowo,prabowo tepat single fighter indonesia wapres gue engah kalo indonesia wapres gue introvert gila kerja cari rejeki halal tau loh kalo indonesia wapres maapkan prabowo,negative
@nuzture,@InfoJktCom,@InfoJktCom Pertamina juga berupaya mewujudkan swasembada energi selama satu tahun Pemerintahan Prabowo-Gibran,pertamina juga berupaya mewujudkan swasembada energi selama satu tahun pemerintahan prabowo gibran,pertamina upaya wujud swasembada energi pemerintah prabowo gibran,positive
@PoesTri,@prabowo,@prabowo Kedaulatan di Tanah Tambang: Refleksi dari Freeport  Satu tahun pemerintahan berjalan di tengah kabar strategis: rencana tambahan 12% saham negara di PT Freeport Indonesia tanpa mengeluarkan dana sepeser pun. Langkah ini disebut sebagai wujud nyata kedaulatan ekonomi nasional.,kedaulatan di tanah tambang refleksi dari freeport satu tahun pemerintahan berjalan di tengah kabar strategis rencana tambahan saham negara di pt freeport indonesia tanpa mengeluarkan dana sepeser pun langkah ini disebut sebagai wujud nyata kedaulatan ekonomi nasional,daulat tanah tambang refleksi freeport pemerintah jalan kabar strategis rencana tambah saham negara pt freeport indonesia keluar dana peser langkah wujud nyata daulat ekonomi nasional,neutral
@cutewoman__,@prabowo,@prabowo Kerja nyata yang terus dirasakan rakyat. Satu tahun penuh langkah pasti menuju Indonesia yang lebih sejahtera. Sehat selalu pak 🙏,kerja nyata yang terus dirasakan rakyat satu tahun penuh langkah pasti menuju indonesia yang lebih sejahtera sehat selalu pak,kerja nyata rasa rakyat penuh langkah indonesia sejahtera sehat,positive
@NabilaKeisha7,@yusuf_dumdum,"@yusuf_dumdum Setahun pemerintahan Prabowo banyak program yang sudah berjalan, salah satu program unggulan MBG berjalan dan bisa dikatakan sukses! Dimana penerima MBG mencapai 36,2 juta siswa! Ini merupakan pencapaian yg luar biasa dari Presiden Prabowo selama 1 tahun kepemimpinannya.",setahun pemerintahan prabowo banyak program yang sudah berjalan salah satu program unggulan mbg berjalan dan bisa dikatakan sukses dimana penerima mbg mencapai juta siswa ini merupakan pencapaian yang luar biasa dari presiden prabowo selama tahun kepemimpinannya,tahun pemerintah prabowo program jalan salah program unggul mbg jalan sukses mana terima mbg capai juta siswa capai presiden prabowo pimpin,positive
@NurLaeli1489218,@DivHumas_Polri,"@DivHumas_Polri Ga kerasa ternyata udah satu tahun aja nih masa pemerintahannya pak Prabowo, udah banyak gebrakan",enggak kerasa ternyata sudah satu tahun saja nih masa pemerintahannya pak prabowo sudah banyak gebrakan,rasa nih perintah prabowo gebrak,positive
@5andi_5kylar,@eghoishe,"@eghoishe bener lho kak, di satu tahun pertama pemerintahan pak prabowo ini sudah banyak sekali perubahan positifnya, padahal ini tuh baru langkah awal saja   #KinerjaNyataPemerintah",benar lho kak di satu tahun pertama pemerintahan pak prabowo ini sudah banyak sekali perubahan positifnya padahal ini tuh baru langkah awal saja,kak pemerintah prabowo ubah positif langkah,neutral
@salsabil66712,@WulanLte,"@WulanLte Satu tahun pemerintahan Prabowo menjadi tonggak penting menuju Indonesia yang lebih maju, berdaulat, dan sejahtera. #KinerjaNyataPemerintah",satu tahun pemerintahan prabowo menjadi tonggak penting menuju indonesia yang lebih maju berdaulat dan sejahtera,pemerintah prabowo tonggak indonesia maju daulat sejahtera,positive
@ranida_01,@sabrinnias,"@sabrinnias Satu tahun kepemimpinan pak prabowo sudah banyak sekali perubahan, kini saatnya membangun langkah nyata #KinerjaNyataPemerintah",satu tahun kepemimpinan pak prabowo sudah banyak sekali perubahan kini saatnya membangun langkah nyata,pimpin prabowo ubah bangun langkah nyata,positive
@KingGhaz91,@whiplasl,"@whiplasl Melalui berbagai inovasi kebijakan, satu tahun pemerintahan Prabowo telah menunjukkan hasil nyata yang dirasakan masyarakat. #KinerjaNyataPemerintah",melalui berbagai inovasi kebijakan satu tahun pemerintahan prabowo telah menunjukkan hasil nyata yang dirasakan masyarakat,inovasi bijak pemerintah prabowo hasil nyata rasa masyarakat,positive
@naraviara12,@sabrinnias,"@sabrinnias satu tahun kepemimpinan prabowo telah memberikan kinerja nyata bagi masyarakat papua seperti ketahanan pangan, pendidikan dan pemerataan pembangunan, kemajuan dan kesejahteraan mulai dirasakan oleh rakyat papua #KinerjaNyataPemerintah",satu tahun kepemimpinan prabowo telah memberikan kinerja nyata bagi masyarakat papua seperti ketahanan pangan pendidikan dan pemerataan pembangunan kemajuan dan kesejahteraan mulai dirasakan oleh rakyat papua,pimpin prabowo kinerja nyata masyarakat papua tahan pangan didik perata bangun maju sejahtera rasa rakyat papua,positive
@6wen_stacy,@whiplasl,"@whiplasl bener banget sih kak, padahal ini baru di satu tahun pertama pemerintahan pak prabowo lho.. sudah banyak sekali hasil positifnya, mudah2an target bangsa kita segera tercapai ya  #KinerjaNyataPemerintah",benar banget sih kak padahal ini baru di satu tahun pertama pemerintahan pak prabowo lho sudah banyak sekali hasil positifnya mudahan target bangsa kita segera tercapai ya,banget kak pemerintah prabowo hasil positif mudah target bangsa capai,positive
@dumpvide,@BlackBe2423,@BlackBe2423 Benar sekali! Inovasi dan peningkatan layanan publik jadi bukti nyata komitmen pemerintah. Satu tahun kepemimpinan Prabowo–Gibran telah menghadirkan perubahan positif yang dirasakan masyarakat. #KinerjaNyataPemerintah,benar sekali inovasi dan peningkatan layanan publik jadi bukti nyata komitmen pemerintah satu tahun kepemimpinan prabowo gibran telah menghadirkan perubahan positif yang dirasakan masyarakat,inovasi tingkat layan publik bukti nyata komitmen pemerintah pimpin prabowo gibran hadir ubah positif rasa masyarakat,positive
@Royanii123,@sabrinnias,"@sabrinnias Satu tahun sudah Prabowo menunjukan kinerjanya , aspirasi masyarakat sudah banyak yang didengar dan dijalankan , komitmen terus bapak , #KinerjaNyataPemerintah",satu tahun sudah prabowo menunjukan kinerjanya aspirasi masyarakat sudah banyak yang didengar dan dijalankan komitmen terus bapak,prabowo tunjuk kerja aspirasi masyarakat dengar jalan komitmen,positive
@priska_ismawati,@ismejaniii,"@ismejaniii Satu tahun sudah Prabowo menunjukan kinerjanya , aspirasi masyarakat sudah banyak yang didengar dan dijalankan , komitmen terus bapak , #KinerjaNyataPemerintah",satu tahun sudah prabowo menunjukan kinerjanya aspirasi masyarakat sudah banyak yang didengar dan dijalankan komitmen terus bapak,prabowo tunjuk kerja aspirasi masyarakat dengar jalan komitmen,positive
@KiranaaM25956,@sabrinnias,"@sabrinnias ""#KinerjaNyataPemerintah bikin kebanggaan masyarakat Papua terhadap pencapaian ketahanan pangan dalam satu tahun kepemimpinan Prabowo ini jadi viral!* Yuk, kita dukung terus program pro-rakyat ini! Indonesia maju merata",bikin kebanggaan masyarakat papua terhadap pencapaian ketahanan pangan dalam satu tahun kepemimpinan prabowo ini jadi viral yuk kita dukung terus program pro rakyat ini indonesia maju merata,bikin bangga masyarakat papua capai tahan pangan pimpin prabowo viral yuk dukung program pro rakyat indonesia maju rata,positive
@novi_ahan56,@chacha_rena66,@chacha_rena66 Bahkan netizen aja makin percaya selama satu tahun Prabowo,bahkan netizen saja makin percaya selama satu tahun prabowo,netizen percaya prabowo,positive
@safiya_indryni,@chacha_rena66,"@chacha_rena66 Style kepemimpinan Prabowo beda, tegas tapi welcome sama kritik, satu tahun pertama sih promising",style kepemimpinan prabowo beda tegas tapi welcome sama kritik satu tahun pertama sih promising,style pimpin prabowo beda welcome kritik promising,positive
@lucian_toro98,@chacha_rena66,"@chacha_rena66 Dari ekonomi sampe pendidikan, Prabowo satu tahun ini niat banget",dari ekonomi sampai pendidikan prabowo satu tahun ini niat banget,ekonomi didik prabowo niat banget,positive
@mhmdafrizall,@yodisss,@yodisss Program yg positif bgtt dari pak Prabowo banyak orng yg mendapati hal positif #DariMBGUntukIndonesiaHebat https://t.co/nYbRBiNbs3,program yang positif banget dari pak prabowo banyak orang yang mendapati hal positif,program positif banget prabowo orang dapat positif,positive
@Nina123Na52970,@319ahw,"@319ahw Wah keren nih, Dari desa-desa di pegunungan Papua hingga pelosok Nusa Tenggara, Makan Bergizi Gratis telah menjadi bukti nyata kehadiran negara untuk anak-anak bangsa.  #DariMBGUntukIndonesiaHebat https://t.co/AHeLUJLhS2…",wah keren nih dari desa desa di pegunungan papua hingga pelosok nusa tenggara makan bergizi gratis telah menjadi bukti nyata kehadiran negara untuk anak anak bangsa,keren nih desa desa gunung papua pelosok nusa tenggara makan gizi gratis bukti nyata hadir negara anak anak bangsa,positive
@Achaaaww1,@yodisss,"@yodisss Satu tahun kepemimpinan Prabowo–Gibran menegaskan komitmen nyata untuk rakyat. Melalui Program Makan Bergizi Gratis, pemerintah memastikan setiap anak Indonesia tumbuh sehat dan kuat. #DariMBGUntukIndonesiaHebat",satu tahun kepemimpinan prabowo gibran menegaskan komitmen nyata untuk rakyat melalui program makan bergizi gratis pemerintah memastikan setiap anak indonesia tumbuh sehat dan kuat,pimpin prabowo gibran komitmen nyata rakyat program makan gizi gratis pemerintah anak indonesia tumbuh sehat kuat,positive
@siapaci2,@319ahw,@319ahw Yups betul banget program ini baik untuk mencerdaskan kehidupan bangsa generasi penerus bangsa  #DariMBGUntukIndonesiaHebat https://t.co/DuUGtajhjM,yups betul banget program ini baik untuk mencerdaskan kehidupan bangsa generasi penerus bangsa,yups banget program cerdas hidup bangsa generasi terus bangsa,positive
@_JusticeForUs_,@salam4jari,"@salam4jari Secara umum, narasi keberhasilan satu tahun pemerintahan Prabowo-Gibran menunjukkan fokus yang kuat pada program-program kerakyatan dengan dampak langsung, serta upaya nyata untuk memperkuat fondasi ekonomi dan pembangunan manusia.",secara umum narasi keberhasilan satu tahun pemerintahan prabowo gibran menunjukkan fokus yang kuat pada program program kerakyatan dengan dampak langsung serta upaya nyata untuk memperkuat fondasi ekonomi dan pembangunan manusia,narasi hasil pemerintah prabowo gibran fokus kuat program program rakyat dampak langsung upaya nyata kuat fondasi ekonomi bangun manusia,positive
@widiys_rhma,@aldi_mhmmmd,"@aldi_mhmmmd Satu tahun bareng Pak Prabowo, vibe negeri makin asik dan optimis terus yuk mendukung, biar perubahan makin nyata",satu tahun bareng pak prabowo vibe negeri makin asik dan optimis terus yuk mendukung biar perubahan makin nyata,bareng prabowo vibe negeri asik optimis yuk dukung biar ubah nyata,positive
@BungaBunga71,@PitaAndari,"@PitaAndari MBG bukan hanya program gizi, tetapi investasi jangka panjang bagi kemajuan bangsa. #DariMBGUntukIndonesiaHebat https://t.co/QJTGoUdOWz https://t.co/UlcP72fAdT",mbg bukan hanya program gizi tetapi investasi jangka panjang bagi kemajuan bangsa,mbg program gizi investasi jangka maju bangsa,positive
@Winakusanjaya,@yodisss,"@yodisss Bener, dengan program ini anak anak di pelosok desa sangat terbantu jadi bisa makan bergizi gratis https://t.co/Qc7z9nVrPH #DariMBGUntukIndonesiaHebat",benar dengan program ini anak anak di pelosok desa sangat terbantu jadi bisa makan bergizi gratis,program anak anak pelosok desa bantu makan gizi gratis,positive
@FajarRizki7550,@319ahw,"@319ahw Melalui program Makan Bergizi Gratis (MBG), jutaan anak Indonesia kini bisa tumbuh sehat, cerdas, dan bersemangat menimba ilmu. Pemerintah benar-benar hadir memastikan gizi seimbang sampai ke pelosok negeri. https://t.co/oqx0mOTfK0",melalui program makan bergizi gratis mbg jutaan anak indonesia kini bisa tumbuh sehat cerdas dan bersemangat menimba ilmu pemerintah benar benar hadir memastikan gizi seimbang sampai ke pelosok negeri,program makan gizi gratis mbg juta anak indonesia tumbuh sehat cerdas semangat timba ilmu pemerintah hadir gizi imbang pelosok negeri,positive
@rami79359,@yodisss,"@yodisss Dalam satu tahun kepemimpinan Prabowo-Gibran, program makan bergizi gratis telah menunjukkan wajahnya sebagai kebijakan yang berorientasi masa depan, fokus pada gizi, kualitas SDM, dan ekonomi lokal. Meski masih banyak pekerjaan rumah #DariMBGUntukIndonesiaHebat",dalam satu tahun kepemimpinan prabowo gibran program makan bergizi gratis telah menunjukkan wajahnya sebagai kebijakan yang berorientasi masa depan fokus pada gizi kualitas sdm dan ekonomi lokal meski masih banyak pekerjaan rumah,pimpin prabowo gibran program makan gizi gratis wajah bijak orientasi fokus gizi kualitas sdm ekonomi lokal kerja rumah,positive
@riskiprata350,@PitaAndari,@PitaAndari #DariMBGUntukIndonesiaHebat Program Makan Bergizi Gratis benar-benar membawa perubahan nyata! Anak-anak kini bisa belajar lebih fokus karena asupan gizinya terpenuhi. Salut untuk langkah nyata pemerintah yang peduli pada generasi masa depan 🙌 🔗 https://t.co/3onHXFKq5f,program makan bergizi gratis benar benar membawa perubahan nyata anak anak kini bisa belajar lebih fokus karena asupan gizinya terpenuhi salut untuk langkah nyata pemerintah yang peduli pada generasi masa depan,program makan gizi gratis bawa ubah nyata anak anak ajar fokus asupan gizi penuh salut langkah nyata pemerintah peduli generasi,positive
@ngumpulkuy,@yodisss,@yodisss makin yakin kalau jutaan anak Indonesia bisa mendapatkan asupan gizi seimbang yang bisa menunjang tumbuh kembang mereka dikala stunting yang merebak dimasyarakat #DariMBGUntukIndonesiaHebat https://t.co/n2HJNst6DC,makin yakin kalau jutaan anak indonesia bisa mendapatkan asupan gizi seimbang yang bisa menunjang tumbuh kembang mereka dikala stunting yang merebak dimasyarakat,juta anak indonesia asupan gizi imbang tunjang tumbuh kembang kala stunting rebak masyarakat,positive
@FajarRi5258459,@MitunAriana,"@MitunAriana #DariMBGUntukIndonesiaHebat Dulu banyak anak sekolah yang belajar dalam kondisi lapar, sekarang dengan program MBG mereka bisa makan bergizi setiap hari. Dari kota sampai pelosok, manfaatnya terasa nyata 👏 🔗 https://t.co/tlQ47PRTf3",dulu banyak anak sekolah yang belajar dalam kondisi lapar sekarang dengan program mbg mereka bisa makan bergizi setiap hari dari kota sampai pelosok manfaatnya terasa nyata,anak sekolah ajar kondisi lapar program mbg makan gizi kota pelosok manfaat nyata,positive
@maremaare90,@319ahw,"@319ahw yap, Program Makan Bergizi Gratis merupakan wujud nyata kepedulian Pemerintah Indonesia terhadap masa depan anak bangsa https://t.co/PAAyw5TQtN #DariMBGUntukIndonesiaHebat",ya program makan bergizi gratis merupakan wujud nyata kepedulian pemerintah indonesia terhadap masa depan anak bangsa,program makan gizi gratis wujud nyata peduli pemerintah indonesia anak bangsa,positive
@guntur_sonnyy27,@aldi_mhmmmd,"@aldi_mhmmmd Satu tahun pemerintahan Prabowo bikin harapan baru, yuk support bareng biar makin kece",satu tahun pemerintahan prabowo bikin harapan baru yuk support bareng biar makin kece,pemerintah prabowo bikin harap yuk support bareng biar kece,positive
@citraa_safitri,@aldi_mhmmmd,@aldi_mhmmmd Makin bangga jadi orang Indonesia gara-gara satu tahun Prabowo,makin bangga jadi orang indonesia gara gara satu tahun prabowo,bangga orang indonesia gara gara prabowo,positive
@senopati1818,@babegini,@babegini @Heraloebss Presiden @prabowo  mengatakan capaian ini menjadi perhatian banyak negara karena skalanya yang besar dan pencapaiannya yang cepat dalam waktu kurang dari satu tahun.  #LanjutkanMBG,presiden mengatakan capaian ini menjadi perhatian banyak negara karena skalanya yang besar dan pencapaiannya yang cepat dalam waktu kurang dari satu tahun,presiden capai perhati negara skala capai cepat,positive
@cotangan_,@rynnrxn_,"@rynnrxn_ &gt; Prabowo satu tahun menjabat, hari ini BEM UI pergi ke DPR, unjuk rasa &gt; PLAVE ke Jakarta &gt; UTS anjj",begitu prabowo satu tahun menjabat hari ini bem ui pergi ke dpr unjuk rasa begitu plave ke jakarta begitu uts anjj,prabowo jabat bem ui pergi dpr unjuk plave jakarta uts anjj,negative
@senopati1818,@babegini,"@babegini @Heraloebss Sepanjang usaha manusia, hampir tidak ada usaha manusia yg dilaksanakan selama satu tahun dengan volume yg demikian besar, yg zero error, zero deffect.  Sangat sulit, walaupun kita tidak boleh menerima,"" imbuh Presiden @prabowo   #LanjutkanMBG",sepanjang usaha manusia hampir tidak ada usaha manusia yang dilaksanakan selama satu tahun dengan volume yang demikian besar yang zero error zero deffect sangat sulit walaupun kita tidak boleh menerima imbuh presiden,usaha manusia usaha manusia laksana volume zero error zero deffect sulit terima imbuh presiden,negative
@senopati1818,@babegini,@babegini @Heraloebss MBG Jadi Sorotan Dunia  @prabowo mengklaim MBG menjadi perhatian banyak negara karena skalanya yang luas dan kecepatan realisasinya dalam waktu kurang dari satu tahun   #LanjutkanMBG,mbg jadi sorotan dunia mengklaim mbg menjadi perhatian banyak negara karena skalanya yang luas dan kecepatan realisasinya dalam waktu kurang dari satu tahun,mbg sorot dunia klaim mbg perhati negara skala luas cepat realisasi,positive
@Pengejar_Visi,@narkosun,"@narkosun Pak @prabowo , ada 2 hasil survey penilaian kepuasan publik thdp kinerja pemerintahan selama 1 tahun kepemimpinan bapak dan wakil. Hasil survey yg satu menyenangkan namun meninabobokan, sedangkan hasil survey yg lain kurang menyenangkan dan malah menggelisahkan, pilih mana pak ?",pak ada hasil survey penilaian kepuasan publik terhadap kinerja pemerintahan selama tahun kepemimpinan bapak dan wakil hasil survey yang satu menyenangkan namun meninabobokan sedangkan hasil survey yang lain kurang menyenangkan dan malah menggelisahkan pilih mana pak,hasil survey nilai puas publik kinerja pemerintah pimpin wakil hasil survey senang ninabobo hasil survey senang gelisah pilih,neutral
@pambudiPati,@Outstandjing,@Outstandjing Satu tahun Prabowo-Gibran https://t.co/zKCKsMgbpT,satu tahun prabowo gibran,prabowo gibran,neutral
@yono_1977,@aelyndia,"@aelyndia @ShandyHarahap @salam4jari Narasi template yg terus di ulang², tahun 2009 Prabowo maju ama Megawati, SKCK keluar bukti bahwa di Bersih. Presiden nya SBY loh salah satu anggota DKP, kan bisa kalau mau dijegal. CLEAR.  Beberapa orang spt HT, Pius, DM adalah pendukungnya. Lbh baik seh otak loe di restart dulu",narasi template yang terus di ulang tahun prabowo maju sama megawati skck keluar bukti bahwa di bersih presiden nya surabaya loh salah satu anggota dkp kan bisa kalau mau dijegal clear beberapa orang seperti hati pius dm adalah pendukungnya lebih baik sih otak lo di restart dulu,narasi template ulang prabowo maju megawati skck bukti bersih presiden surabaya loh salah anggota dkp jegal clear orang hati pius dm dukung otak lo restart,negative
@Mas_An74,@ntbd97__,@ntbd97__ Satu tahun rakyat sdah bisa merasakan kinerja dari Pak Prabowo khususnya hunian lewat Rumah Untuk Semua,satu tahun rakyat sudah bisa merasakan kinerja dari pak prabowo khususnya hunian lewat rumah untuk semua,rakyat rasa kinerja prabowo huni rumah,positive
@najmanasir219,@ntbd97__,@ntbd97__ satu tahun pemerintahan presiden Prabowo telah meluncurkan program  Rumah Untuk Semua Suatu pencapaian yg baik,satu tahun pemerintahan presiden prabowo telah meluncurkan program rumah untuk semua suatu pencapaian yang baik,pemerintah presiden prabowo luncur program rumah capai,positive
@AndriAgust36729,@kurawa,"@kurawa Jkw 10 thn dan Prabowo satu tahun JD presiden ,klau mereka waktu 11 THN lebih cukup berantas perjudian di Indonesia  yaitu darat dan online ,kalau gagal bilang aja gagal",jkw tahun dan prabowo satu tahun jadi presiden kalau mereka waktu tahun lebih cukup berantas perjudian di indonesia yaitu darat dan online kalau gagal bilang saja gagal,jkw prabowo presiden berantas judi indonesia darat online gagal bilang gagal,negative
@jamalia_mand,@nadialinsriati_,@nadialinsriati_ Satu tahun Prabowo-Gibran dan Indonesia makin naik level #1TahunPrabowoGibran,satu tahun prabowo gibran dan indonesia makin naik level,prabowo gibran indonesia level,positive
@lucian_toro98,@nopal_hardi,"@nopal_hardi Satu tahun penuh dedikasi, Prabowo-Gibran benar-benar kasih perubahan #1TahunPrabowoGibran",satu tahun penuh dedikasi prabowo gibran benar benar kasih perubahan,penuh dedikasi prabowo gibran kasih ubah,positive
@giannakamala,@ANTARA_JATENG,"@ANTARA_JATENG Satu tahun kepeminpinan Prabowo Gibran menandai akhir era ketakutan terhadap koruptor, tak ada lagi yang kebal hukum. #BerantasKorupsi #PrabowoBerantasKorupsi #AstaCita #IndonesiaTanpaKorupsi https://t.co/OfLCC2c13G",satu tahun kepeminpinan prabowo gibran menandai akhir era ketakutan terhadap koruptor tak ada lagi yang kebal hukum,kepeminpinan prabowo gibran tanda era takut koruptor kebal hukum,positive
@azimah_liqati2,@IndonesiaJadi,"@IndonesiaJadi Satu tahun berjalan, kinerja Presiden Prabowo terbukti bawa hasil ke pelaku UMKM",satu tahun berjalan kinerja presiden prabowo terbukti bawa hasil ke pelaku umkm,jalan kinerja presiden prabowo bukti bawa hasil laku umkm,positive
@penantihujan888,@NelsonManc81647,"@NelsonManc81647 @M45Broo_ Gibran itu kerjanya apa sih? Selama satu tahun dia gak ngapa²in deh, hanya bagi² susu ke sekolah² &amp; keliling ngabisin Pertamax Oposan. Yang kerja kan hanya Prabowo, Mentri²nya &amp; para Kepala Daerah.",gibran itu kerjanya apa sih selama satu tahun dia enggak ngapa in deh hanya bagi susu ke sekolah amp keliling ngabisin pertamax oposan yang kerja kan hanya prabowo mentri nya amp para kepala daerah,gibran kerja ngapa in susu sekolah keliling ngabisin pertamax oposan kerja prabowo tri kepala daerah,negative
@Togar2013,@Urrangawak,"@Urrangawak Hanya warga yg menerima beras dr gibran yg akan mengatakan kinerja gibrsn memuaskan. Satu tahun pemerintahan Prabowo, kerja gibran hanya jalan-jalan dan bagi semako 🥵🥵🥵",hanya warga yang menerima beras dari gibran yang akan mengatakan kinerja gibrsn memuaskan satu tahun pemerintahan prabowo kerja gibran hanya jalan jalan dan bagi semako,warga terima beras gibran kinerja gibrsn muas pemerintah prabowo kerja gibran jalan jalan semako,positive
@rafka_elmarez,@widya_winarsih,"@widya_winarsih Nggak gampang jaga stabilitas, tapi satu tahun ini Prabowo-Gibran buktikan mampu dengan kebijakan yang responsif #1thnPrabowoGibran",enggak gampang jaga stabilitas tapi satu tahun ini prabowo gibran buktikan mampu dengan kebijakan yang responsif,gampang jaga stabilitas prabowo gibran bukti bijak responsif,positive
@siti_rahma055,@widya_winarsih,@widya_winarsih Pertumbuhan makin nyata semenjak satu tahun Prabowo-Gibran pegang kendali dengan kebijakan yang terbuka buat semua #1thnPrabowoGibran,pertumbuhan makin nyata semenjak satu tahun prabowo gibran pegang kendali dengan kebijakan yang terbuka buat semua,tumbuh nyata semenjak prabowo gibran pegang kendali bijak buka,positive
@nadiakputri,@qwertoos,"@qwertoos Bjir… ku dapet komentar CISDI soal minuman/makanan UPF yang kurleb kayak ginian di MBG…. Emang kudu dipantau terus sih, minum beginian sekali dua kali teguk, bisa hiperaktif buat orang dewasa, apalagi anak2: https://t.co/Wf5oERwMru",bjir ku dapat komentar cisdi soal minuman makanan upf yang kurleb kayak beginian di mbg memang kudu dipantau terus sih minum beginian sekali dua kali teguk bisa hiperaktif buat orang dewasa apalagi anak,bjir ku komentar cisdi minum makan upf kurleb kayak mbg kudu pantau minum kali teguk hiperaktif orang dewasa anak,negative
@adam_malik88,@widya_winarsih,"@widya_winarsih Satu tahun berlalu, Prabowo-Gibran konsisten utamakan pertumbuhan dan stabilitas lewat kebijakan yang denger suara rakyat #1thnPrabowoGibran",satu tahun berlalu prabowo gibran konsisten utamakan pertumbuhan dan stabilitas lewat kebijakan yang dengar suara rakyat,prabowo gibran konsisten utama tumbuh stabilitas bijak dengar suara rakyat,positive
@kiran_basroni,@putrasolopan,"@putrasolopan @Jumianto_RK lhaa saya baca kebanyakan geli komen para termul apa saja  selalu ḍihubungkan dengan pilpres, padạhạl kita sudah dapat presiden prabowo daribhasil pilpres dan sudah satu tahun lalu, cerdas sedikit.",lhaa saya baca kebanyakan geli komen para termul apa saja selalu ihubungkan dengan pilpres pad h l kita sudah dapat presiden prabowo daribhasil pilpres dan sudah satu tahun lalu cerdas sedikit,lhaa baca banyak geli komen termul ihubungkan pilpres pad h l presiden prabowo daribhasil pilpres cerdas,negative
@femmepride16,@Gallery_Intana,"@Gallery_Intana @Y4mahaYZF prabowo sulit dilawan emg, tp target prabowo kan satu putaran? 10 tahun udh terbukti prabowo tanpa pemilih Jokowi msh dibawah 50%  bisa jd yg haus berkuasa kyk N****m gaet Gibran utk jd Capres klo Prabowo lepas Gibran di 2029. parpol besar lain akan loyal ke prabowo kcuali PD*P",prabowo sulit dilawan memang tapi target prabowo kan satu putaran tahun sudah terbukti prabowo tanpa pemilih jokowi masih dibawah bisa jadi yang haus berkuasa kayak n sama gaet gibran untuk jadi capres kalo prabowo lepas gibran di parpol besar lain akan loyal ke prabowo kcuali pada p,prabowo sulit lawan target prabowo putar bukti prabowo pilih jokowi bawah haus kuasa kayak n gaet gibran capres kalo prabowo lepas gibran parpol loyal prabowo kcuali p,positive
@ismail_mail223,@adinata_guna1,"@adinata_guna1 Dalam satu tahun, Prabowo dan tim udah mulai benerin banyak sektor penting buat kehidupan rakyat",dalam satu tahun prabowo dan tim sudah mulai benerin banyak sektor penting buat kehidupan rakyat,prabowo tim benerin sektor hidup rakyat,positive
@Fadlipenyair12,@geloraco,"@geloraco https://t.co/s9uJjRw928 -  Meski baru sebulan lebih masuk Kabinet Merah Putih , Menteri Keuangan (Menkeu) Purbaya Yudhi Sadewa menjadi sorotan publik. Bahkan, di beberapa survei Satu Tahun Prabowo-Gibran, Purbaya dinilai memiliki kinerja baik.yg pwnting kan Niat baiknya toh min😁",meski baru sebulan lebih masuk kabinet merah putih menteri keuangan menkeu purbaya yudhi sadewa menjadi sorotan publik bahkan di beberapa survei satu tahun prabowo gibran purbaya dinilai memiliki kinerja baik yang pwnting kan niat baiknya toh min,bulan masuk kabinet merah putih menteri uang menkeu purbaya yudhi sadewa sorot publik survei prabowo gibran purbaya nilai milik kinerja pwnting niat baik min,neutral
@sarale_calie25,@adinata_guna1,"@adinata_guna1 Kebijakan satu tahun Prabowo bener-bener nongol ke permukaan, langsung nyentuh kehidupan masyarakat",kebijakan satu tahun prabowo benar benar nongol ke permukaan langsung nyentuh kehidupan masyarakat,bijak prabowo nongol muka langsung nyentuh hidup masyarakat,positive
@ptr_sdrmn5567,@adinata_guna1,"@adinata_guna1 Liat satu tahun kiprah Prabowo, gue jadi makin yakin Indonesia bisa maju, programnya jelas pro-rakyat banget",lihat satu tahun kiprah prabowo gue jadi makin yakin indonesia bisa maju programnya jelas pro rakyat banget,lihat kiprah prabowo gue indonesia maju program pro rakyat banget,positive
@hu_maira13,@adinata_guna1,"@adinata_guna1 Hidup makin nyaman berkat kebijakan satu tahun Prabowo, semoga bisa terus konsisten buat rakyat",hidup makin nyaman berkat kebijakan satu tahun prabowo semoga bisa terus konsisten buat rakyat,hidup nyaman berkat bijak prabowo moga konsisten rakyat,positive
@syah_rena6,@adinata_guna1,@adinata_guna1 Momen satu tahun ini ngebuktiin Prabowo nggak sekadar kata-kata langsung bisa dilihat hasilnya,momen satu tahun ini membuktikan prabowo enggak sekadar kata kata langsung bisa dilihat hasilnya,momen bukti prabowo langsung hasil,positive
@safiya_indryni,@adinata_guna1,@adinata_guna1 Kebijakan-kebijakan satu tahun Prabowo beneran fokus menyejahterakan masyarakat,kebijakan kebijakan satu tahun prabowo benaran fokus menyejahterakan masyarakat,bijak bijak prabowo benar fokus sejahtera masyarakat,neutral
@Sunyisejati,@enoliska_,"@enoliska_ Selama satu tahun, apakah Bapak sudah menangkap koruptor yg Bapak kejar sampai ke Antarmuka itu lebih dari jumlah ini???  Ataukah minimal sama pak???  @prabowo",selama satu tahun apakah bapak sudah menangkap koruptor yang bapak kejar sampai ke antarmuka itu lebih dari jumlah ini ataukah minimal sama pak,tangkap koruptor kejar antarmuka minimal,negative
@giannakamala,@CilacapKekinian,@CilacapKekinian Satu tahun kepemimpinan Presiden Prabowo Gibran menandai akhir era ketakutan terhadap koruptor. #BerantasKorupsi #PrabowoBerantasKorupsi #AstaCita #IndonesiaTanpaKorupsi https://t.co/6j0PW5C21o,satu tahun kepemimpinan presiden prabowo gibran menandai akhir era ketakutan terhadap koruptor,pimpin presiden prabowo gibran tanda era takut koruptor,positive
@Lnaanggraini100,@Arti_SebuahRasa,"@Arti_SebuahRasa benar sekali,sampai saat ini sudah ada 166 sekolah rakyat telah melayani masyarakat miskin. ini capaian satu tahun pemerintahan prabowo-gibran dalam memeratakan pendidikan. #BangunNegriBersamPemuda",benar sekali sampai saat ini sudah ada sekolah rakyat telah melayani masyarakat miskin ini capaian satu tahun pemerintahan prabowo gibran dalam memeratakan pendidikan,sekolah rakyat layan masyarakat miskin capai pemerintah prabowo gibran perata didik,positive
@yourbaeru,@BlackBe2423,"@BlackBe2423 Sudah satu tahun pemerintahan bersama prabowo-gibran,  mari kita bersama-sama #BangunNegriBersamPemuda 👍🏻😁",sudah satu tahun pemerintahan bersama prabowo gibran mari kita bersama sama,pemerintah prabowo gibran mari,positive
@Saniaalmahyra02,@Sasha_Mariskaa,"@Sasha_Mariskaa Luar biasa! 👏 Selama satu tahun pemerintahan Prabowo–Gibran, fokus pada digitalisasi ekonomi benar-benar terasa dampaknya. Langkah nyata seperti pembentukan koperasi berbadan hukum  #BangunNegriBersamPemuda",luar biasa selama satu tahun pemerintahan prabowo gibran fokus pada digitalisasi ekonomi benar benar terasa dampaknya langkah nyata seperti pembentukan koperasi berbadan hukum,pemerintah prabowo gibran fokus digitalisasi ekonomi dampak langkah nyata bentuk koperasi badan hukum,positive
@Putridaisy45,@ihaewons,@ihaewons ga terasa udah satu tahun pemerintahan prabowo menuju fondasi kuat indonesia yang mandiri dan sejahtera ✨ #BangunNegriBersamPemuda,enggak terasa sudah satu tahun pemerintahan prabowo menuju fondasi kuat indonesia yang mandiri dan sejahtera,pemerintah prabowo fondasi kuat indonesia mandiri sejahtera,positive
@disqiramadan,@Berburudsknan,@Berburudsknan lanjutkan satu tahun pemerintahan bapak prabowo semakin peduli rakyat dan tetap komitmen kemajuan #BangunNegriBersamPemuda,lanjutkan satu tahun pemerintahan bapak prabowo semakin peduli rakyat dan tetap komitmen kemajuan,lanjut pemerintah prabowo peduli rakyat komitmen maju,positive
@LintangPut87856,@Berburudsknan,@Berburudsknan Satu tahun pemerintahan Pak Prabowo. Terima kasih atas program yang menyehatkan tubuh dan mencerdaskan pikiran bangsa.  #BangunNegriBersamPemuda,satu tahun pemerintahan pak prabowo terima kasih atas program yang menyehatkan tubuh dan mencerdaskan pikiran bangsa,pemerintah prabowo terima kasih program sehat tubuh cerdas pikir bangsa,positive
@Fithfith,@Sasha_Mariskaa,@Sasha_Mariskaa wow satu tahun udah berjalan. banyak membawa perubahan. maju terus prabowo gibran #BangunNegriBersamPemuda,wow satu tahun sudah berjalan banyak membawa perubahan maju terus prabowo gibran,wow jalan bawa ubah maju prabowo gibran,positive
@RiskiPrata16481,@Arti_SebuahRasa,"@Arti_SebuahRasa Satu Tahun Pemerintahan Prabowo­–Gibran, 166 Sekolah Rakyat sudah Melayani Masyarakat Miskin” — di InfoPublik: https://t.co/TXqk9cPYQ2",satu tahun pemerintahan prabowo gibran sekolah rakyat sudah melayani masyarakat miskin di infopublik,pemerintah prabowo gibran sekolah rakyat layan masyarakat miskin infopublik,positive
@jindra_hutama,@basya_hifah,"@basya_hifah Pencapaian satu tahun Prabowo beneran luar biasa, Indonesia sekarang lebih optimis dan sejahtera",pencapaian satu tahun prabowo benaran luar biasa indonesia sekarang lebih optimis dan sejahtera,capai prabowo benar indonesia optimis sejahtera,positive
@RayyanrRamadan,@tvOneNews,@tvOneNews Menurut saya inflasi di satu tahun pak prabowo tidak terlalu berdampak pada masyarakat.. buktinya ketersediaan pangan dan ekonomi masyarakat masih stabil.. kita lihat saja kedepannya.. inflasi akan ditekan semaksimal mungkin oleh pemerintah kita saat ini,menurut saya inflasi di satu tahun pak prabowo tidak terlalu berdampak pada masyarakat buktinya ketersediaan pangan dan ekonomi masyarakat masih stabil kita lihat saja kedepannya inflasi akan ditekan semaksimal mungkin oleh pemerintah kita saat ini,inflasi prabowo dampak masyarakat bukti sedia pangan ekonomi masyarakat stabil lihat depan inflasi tekan maksimal pemerintah,positive
@dzikri_rama25,@basya_hifah,"@basya_hifah Satu tahun Prabowo, langsung bisa lihat perbedaannya, pengangguran dan kemiskinan turun drastis",satu tahun prabowo langsung bisa lihat perbedaannya pengangguran dan kemiskinan turun drastis,prabowo langsung lihat beda anggur miskin turun drastis,positive
@TasyaAmara41424,@tempodotco,"@tempodotco Pak @prabowo  tolong deh... sikaaat ajaaaa ini mahluk satu ini seanak cucunya. Jelas kaaan gimana 10 tahun kita dipresidenin orang sakit jiwa. Yakin deh... kalau ini dibersihkan, negara ini turun tensi. Tegas pak. Perlihatkan ke rakyat bahwa bapak berani dan sehebat itu.",pak tolong deh sikaaat ajaaaa ini mahluk satu ini seanak cucunya jelas kan bagaimana tahun kita dipresidenin orang sakit jiwa yakin deh kalau ini dibersihkan negara ini turun tensi tegas pak perlihatkan ke rakyat bahwa bapak berani dan sehebat itu,tolong sikaaat ajaaaa mahluk anak cucu dipresidenin orang sakit jiwa bersih negara turun tensi lihat rakyat berani hebat,negative
@WebyWiguna18,@BangPino__,"@BangPino__ Menteri satu ini dipecat aja atau kalau di Reshuffle biar jadi Menteri Kehutanan. Dan officenya juga sebaiknya ditengah hutan. Apa presentasi kerjanya dalam 1 tahun Pemerintahan Pak Prabowo, coba? https://t.co/hDNEuIyJkl",menteri satu ini dipecat saja atau kalau di reshuffle biar jadi menteri kehutanan dan officenya juga sebaiknya ditengah hutan apa presentasi kerjanya dalam tahun pemerintahan pak prabowo coba,menteri pecat reshuffle biar menteri hutan officenya tengah hutan presentasi kerja pemerintah prabowo coba,negative
@rahminabd03,@whiplasl,"@whiplasl luar biasa, naiknya investasi di indonesia adalah bukti nyata satu tahun kepemimpinan prabowo-gibran, semoga generasi muda juga semakin semangat membangun bangsa #PemudaKuatIndonesiaHebat",luar biasa naiknya investasi di indonesia adalah bukti nyata satu tahun kepemimpinan prabowo gibran semoga generasi muda juga semakin semangat membangun bangsa,naik investasi indonesia bukti nyata pimpin prabowo gibran moga generasi muda semangat bangun bangsa,positive
@Arziky28067,@_riverheaven,"@_riverheaven Pemerintahan Prabowo–Gibran baru berjalan satu tahun, kok lompatannya jauh sekali sampai ke 2029? 😅  PSI tetap fokus mendukung program pemerintah, bukan sibuk bikin isu politik yang menyesatkan.",pemerintahan prabowo gibran baru berjalan satu tahun kok lompatannya jauh sekali sampai ke psi tetap fokus mendukung program pemerintah bukan sibuk bikin isu politik yang menyesatkan,pemerintah prabowo gibran jalan lompat psi fokus dukung program pemerintah sibuk bikin isu politik sesat,positive
@hudakalimullah,@cakimiNOW,@cakimiNOW Capaian yg luar biasa dari Menko PM berjalannya satu tahun Pemerintahan President Prabowo. Trus meningkat tahun berikutnya.,capaian yang luar biasa dari menko pm berjalannya satu tahun pemerintahan president prabowo terus meningkat tahun berikutnya,capai menko pm jalan pemerintah president prabowo tingkat,positive
@siti_rahma055,@jinawi_kuswoyo,"@jinawi_kuswoyo Selain memperkuat ekonomi, satu tahun Prabowo-Gibran makin banyak program yang blusukan ke masyarakat #1thnPrabowoGibran",selain memperkuat ekonomi satu tahun prabowo gibran makin banyak program yang blusukan ke masyarakat,kuat ekonomi prabowo gibran program blusukan masyarakat,positive
@IniTrenggalek,@DivHumas_Polri,"@DivHumas_Polri Presiden RI @prabowo memimpin langsung pemusnahan 2,1 ton dari 214,84 ton narkoba senilai Rp29,37 triliun hasil pengungkapan Polri selama satu tahun terakhir di Lapangan Bhayangkara, Jakarta Selatan, Rabu (29/10).  #SelamatkanGenerasiBangsa  Semangat Melindungi Indonesia https://t.co/eL2vnZviwg",presiden ri memimpin langsung pemusnahan ton dari ton narkoba senilai rp triliun hasil pengungkapan polri selama satu tahun terakhir di lapangan bhayangkara jakarta selatan rabu semangat melindungi indonesia,presiden ri pimpin langsung musnah ton ton narkoba nila rp triliun hasil ungkap polri lapang bhayangkara jakarta selatan rabu semangat lindung indonesia,positive
@ochaaa777,@sabrinnias,@sabrinnias satu tahun pemerintahan prabowo sudah banyak kasus narkoba yang terungkap! #SelamatkanGenerasiBangsa Semangat Melindungi Indonesia,satu tahun pemerintahan prabowo sudah banyak kasus narkoba yang terungkap semangat melindungi indonesia,pemerintah prabowo narkoba ungkap semangat lindung indonesia,positive
@kasehsaulmouk,@geloraco,@geloraco Sudah satu tahun lebih apa pak @prabowo tak gerah melihat intervensi @jokowi mulai dari menitip termul sbg komisaris sampai kapolri dan kejagung. Bersikaplah pak presiden. https://t.co/amlATTB9Pi,sudah satu tahun lebih apa pak tak gerah melihat intervensi mulai dari menitip termul sebagai komisaris sampai kapolri dan kejagung bersikaplah pak presiden,gerah intervensi titip termul komisaris kapolri jagung sikap presiden,negative
@taufik_hidayt45,@basya_hifah,"@basya_hifah Pendidikan adil dan berkualitas itu bukan mimpi lagi, satu tahun Prabowo-Gibran buktikan dengan aksi bukan kata #1thnPrabowoGibran",pendidikan adil dan berkualitas itu bukan mimpi lagi satu tahun prabowo gibran buktikan dengan aksi bukan kata,didik adil kualitas mimpi prabowo gibran bukti aksi,positive
@tegar_anugrah03,@FJujior15765,@FJujior15765 @jatamnas Satu tahun Prabowo Gibran beri harapan segar untuk ekonomi kerakyatan di seluruh Indonesia,satu tahun prabowo gibran beri harapan segar untuk ekonomi kerakyatan di seluruh indonesia,prabowo gibran harap segar ekonomi rakyat indonesia,neutral
@d3N1_4,@DedynurPalakka,"@DedynurPalakka @Fahrihamzah Sayangnya sdh satu tahun pemerintahan baru, msh ada orang yg mrasa ini tahun ke-11 pemerintahan yg lama. Sakit hati trnyata bsa bkin lupa kalau kompetisi ada garis finish nya.  Narasi² rekonsiliasi dr Pak Prabowo dan Bang Fahri ini smoga bisa menyadarkan pentingnya persatuan.💪🇲🇨",sayangnya sudah satu tahun pemerintahan baru masih ada orang yang mrasa ini tahun ke pemerintahan yang lama sakit hati ternyata bisa bikin lupa kalau kompetisi ada garis finish nya narasi rekonsiliasi dari pak prabowo dan bang fahri ini semoga bisa menyadarkan pentingnya persatuan,sayang pemerintah orang mrasa pemerintah sakit hati bikin lupa kompetisi garis finish narasi rekonsiliasi prabowo bang fahri moga sadar satu,negative
@anies_firda,@FJujior15765,"@FJujior15765 @jatamnas Baru satu tahun, perubahan ekonomi di bawah Prabowo Gibran udah bener-bener terasa",baru satu tahun perubahan ekonomi di bawah prabowo gibran sudah benar benar terasa,ubah ekonomi prabowo gibran,negative
@mrevanoc,@tempodotco,"@tempodotco Pak @prabowo, tolong pak...  Hentikan prank bapak dan pemerintah, ini sudah satu tahun masa jabatan, kami paham bapak suka guyon tapi jangan kelamaan kami di-prank, nunggu punchline apa lagi....",pak tolong pak hentikan prank bapak dan pemerintah ini sudah satu tahun masa jabatan kami paham bapak suka guyon tapi jangan kelamaan kami di prank menunggu punchline apa lagi,tolong henti prank pemerintah jabat paham suka guyon prank tunggu punchline,negative
@Zyan1378,@Syarman59,"@Syarman59 @prabowo @HarianTeddy_ID @bang_dasco Huss pak Prabowo lagi sibuk urusan luar negeri, jadwal padat sampai akhir tahun dari satu konferensi ke konferesi lain, masalah MBG apalagi ijazah palsu mohon dirameiin terus...eh jangan diramein.",huss pak prabowo lagi sibuk urusan luar negeri jadwal padat sampai akhir tahun dari satu konferensi ke konferesi lain masalah mbg apalagi ijazah palsu mohon dirameiin terus eh jangan diramein,huss prabowo sibuk urus negeri jadwal padat konferensi konferesi mbg ijazah palsu mohon dirameiin diramein,negative
